LotShape,LandSlope,ExterQual,ExterCond,BsmtQual,BsmtCond,BsmtExposure,BsmtFinType1,BsmtFinType2,HeatingQC,KitchenQual,Functional,FireplaceQu,GarageFinish,GarageQual,GarageCond,PavedDrive,PoolQC,Fence,OverallQual,OverallCond
Reg,Gtl,Gd,TA,Gd,TA,No,GLQ,Unf,Ex,Gd,Typ,NA,RFn,TA,TA,Y,NA,NA,7,5
Reg,Gtl,TA,TA,Gd,TA,Gd,ALQ,Unf,Ex,TA,Typ,TA,RFn,TA,TA,Y,NA,NA,6,8
IR1,Gtl,Gd,TA,Gd,TA,Mn,GLQ,Unf,Ex,Gd,Typ,TA,RFn,TA,TA,Y,NA,NA,7,5
IR1,Gtl,TA,TA,TA,Gd,No,ALQ,Unf,Gd,Gd,Typ,Gd,Unf,TA,TA,Y,NA,NA,7,5
IR1,Gtl,Gd,TA,Gd,TA,Av,GLQ,Unf,Ex,Gd,Typ,TA,RFn,TA,TA,Y,NA,NA,8,5
IR1,Gtl,TA,TA,Gd,TA,No,GLQ,Unf,Ex,TA,Typ,NA,Unf,TA,TA,Y,NA,MnPrv,5,5
Reg,Gtl,Gd,TA,Ex,TA,Av,GLQ,Unf,Ex,Gd,Typ,Gd,RFn,TA,TA,Y,NA,NA,8,5
IR1,Gtl,TA,TA,Gd,TA,Mn,ALQ,BLQ,Ex,TA,Typ,TA,RFn,TA,TA,Y,NA,NA,7,6
Reg,Gtl,TA,TA,TA,TA,No,Unf,Unf,Gd,TA,Min1,TA,Unf,Fa,TA,Y,NA,NA,7,5
Reg,Gtl,TA,TA,TA,TA,No,GLQ,Unf,Ex,TA,Typ,TA,RFn,Gd,TA,Y,NA,NA,5,6
Reg,Gtl,TA,TA,TA,TA,No,Rec,Unf,Ex,TA,Typ,NA,Unf,TA,TA,Y,NA,NA,5,5
IR1,Gtl,Ex,TA,Ex,TA,No,GLQ,Unf,Ex,Ex,Typ,Gd,Fin,TA,TA,Y,NA,NA,9,5
IR2,Gtl,TA,TA,TA,TA,No,ALQ,Unf,TA,TA,Typ,NA,Unf,TA,TA,Y,NA,NA,5,6
IR1,Gtl,Gd,TA,Gd,TA,Av,Unf,Unf,Ex,Gd,Typ,Gd,RFn,TA,TA,Y,NA,NA,7,5
IR1,Gtl,TA,TA,TA,TA,No,BLQ,Unf,TA,TA,Typ,Fa,RFn,TA,TA,Y,NA,GdWo,6,5
Reg,Gtl,TA,TA,TA,TA,No,Unf,Unf,Ex,TA,Typ,NA,Unf,TA,TA,Y,NA,GdPrv,7,8
IR1,Gtl,TA,TA,TA,TA,No,ALQ,Unf,Ex,TA,Typ,TA,Fin,TA,TA,Y,NA,NA,6,7
Reg,Gtl,TA,TA,NA,NA,NA,NA,NA,TA,TA,Typ,NA,Unf,TA,TA,Y,NA,NA,4,5
Reg,Gtl,TA,TA,TA,TA,No,GLQ,Unf,Ex,Gd,Typ,NA,Unf,TA,TA,Y,NA,NA,5,5
Reg,Gtl,TA,TA,TA,TA,No,LwQ,Unf,TA,TA,Min1,NA,Unf,TA,TA,Y,NA,MnPrv,5,6
IR1,Gtl,Gd,TA,Ex,TA,Av,Unf,Unf,Ex,Gd,Typ,Gd,RFn,TA,TA,Y,NA,NA,8,5
Reg,Gtl,TA,TA,TA,TA,No,Unf,Unf,Ex,Gd,Typ,Gd,Unf,TA,TA,N,NA,GdPrv,7,7
Reg,Gtl,Gd,TA,Gd,TA,No,Unf,Unf,Ex,Gd,Typ,Gd,RFn,TA,TA,Y,NA,NA,8,5
Reg,Gtl,TA,TA,Gd,TA,No,GLQ,Unf,TA,TA,Typ,TA,Unf,TA,TA,Y,NA,NA,5,7
IR1,Gtl,TA,Gd,TA,TA,Mn,Rec,ALQ,Ex,Gd,Typ,TA,Unf,TA,TA,Y,NA,MnPrv,5,8
Reg,Gtl,Gd,TA,Gd,TA,No,Unf,Unf,Ex,Gd,Typ,Gd,RFn,TA,TA,Y,NA,NA,8,5
Reg,Gtl,TA,TA,TA,TA,Mn,BLQ,Rec,TA,Gd,Typ,NA,Unf,TA,TA,Y,NA,NA,5,7
Reg,Gtl,Gd,TA,Ex,TA,No,GLQ,Unf,Ex,Gd,Typ,Gd,RFn,TA,TA,Y,NA,NA,8,5
IR1,Gtl,TA,TA,TA,TA,Gd,BLQ,Unf,TA,TA,Typ,Gd,RFn,TA,TA,Y,NA,NA,5,6
IR1,Gtl,TA,TA,TA,TA,No,Unf,Unf,Fa,Fa,Typ,NA,Unf,Fa,TA,Y,NA,NA,4,6
Reg,Gtl,TA,Fa,TA,TA,No,Unf,Unf,TA,TA,Typ,NA,Unf,TA,Fa,N,NA,MnPrv,4,4
IR1,Gtl,TA,TA,TA,TA,No,Unf,Unf,Gd,Gd,Typ,NA,Unf,TA,TA,Y,NA,MnPrv,5,6
Reg,Gtl,Gd,TA,Ex,TA,Av,Unf,Unf,Ex,Gd,Typ,NA,RFn,TA,TA,Y,NA,NA,8,5
IR1,Gtl,TA,TA,TA,TA,No,Rec,Unf,Gd,Gd,Typ,Gd,RFn,TA,TA,Y,NA,NA,5,5
Reg,Gtl,Ex,TA,Ex,TA,No,GLQ,Unf,Ex,Ex,Typ,Gd,Fin,TA,TA,Y,NA,NA,9,5
Reg,Gtl,Gd,TA,Ex,TA,Av,Unf,Unf,Ex,Gd,Typ,Gd,Fin,TA,TA,Y,NA,NA,8,5
Reg,Gtl,TA,TA,Gd,TA,No,Unf,Unf,Ex,TA,Typ,NA,Unf,TA,TA,Y,NA,NA,5,5
Reg,Gtl,TA,TA,TA,TA,No,Rec,Unf,Gd,TA,Typ,TA,Fin,TA,TA,Y,NA,NA,5,6
Reg,Gtl,TA,Gd,TA,TA,No,GLQ,Unf,TA,Gd,Typ,NA,Unf,TA,TA,Y,NA,NA,5,7
Reg,Gtl,TA,TA,NA,NA,NA,NA,NA,TA,Fa,Typ,NA,NA,NA,NA,N,NA,NA,4,5
Reg,Gtl,TA,TA,TA,TA,No,Rec,Unf,Ex,TA,Typ,TA,RFn,TA,TA,Y,NA,GdWo,6,5
Reg,Gtl,TA,Gd,TA,TA,Gd,BLQ,Unf,Gd,TA,Typ,Gd,RFn,TA,TA,P,NA,NA,5,6
IR1,Gtl,TA,TA,Gd,TA,Av,ALQ,LwQ,Gd,Gd,Typ,NA,RFn,TA,Gd,Y,NA,MnPrv,5,7
IR1,Gtl,TA,TA,Gd,TA,Av,LwQ,BLQ,TA,TA,Typ,NA,Unf,TA,TA,Y,NA,MnPrv,5,6
Reg,Gtl,TA,TA,TA,TA,No,ALQ,BLQ,Ex,TA,Typ,NA,RFn,TA,TA,Y,NA,NA,5,6
Reg,Gtl,Ex,TA,Ex,TA,No,GLQ,Unf,Ex,Ex,Typ,Gd,RFn,TA,TA,Y,NA,NA,9,5
IR1,Gtl,Gd,TA,Ex,TA,No,GLQ,Unf,Ex,Gd,Typ,Ex,RFn,TA,TA,Y,NA,NA,7,5
Reg,Gtl,Gd,TA,Gd,TA,Av,GLQ,Unf,Ex,Gd,Typ,NA,RFn,TA,TA,Y,NA,NA,8,5
Reg,Gtl,TA,TA,TA,TA,No,Unf,Unf,Gd,TA,Typ,NA,NA,NA,NA,N,NA,NA,4,5
Reg,Gtl,TA,TA,TA,TA,No,BLQ,Unf,Ex,TA,Typ,NA,Unf,TA,TA,Y,NA,MnPrv,5,7
IR2,Gtl,TA,TA,Gd,TA,Av,GLQ,Unf,Gd,TA,Typ,NA,Fin,TA,TA,Y,NA,NA,6,6
Reg,Gtl,TA,TA,TA,TA,No,Unf,Unf,TA,TA,Typ,Gd,Unf,TA,TA,Y,NA,MnPrv,6,6
IR2,Mod,Fa,TA,Gd,TA,Gd,LwQ,GLQ,TA,TA,Typ,NA,Unf,TA,TA,Y,NA,NA,5,5
IR1,Gtl,Gd,TA,Ex,TA,Gd,GLQ,Unf,Gd,Gd,Typ,Gd,Fin,TA,TA,Y,NA,NA,9,5
Reg,Mod,TA,TA,TA,TA,No,ALQ,Unf,TA,TA,Min1,TA,Unf,TA,TA,Y,NA,MnPrv,5,5
IR1,Gtl,TA,TA,TA,TA,No,BLQ,Unf,Gd,TA,Typ,Gd,RFn,TA,TA,Y,NA,NA,6,5
Reg,Gtl,Gd,TA,Gd,TA,No,GLQ,Unf,Ex,Gd,Typ,NA,Fin,TA,TA,Y,NA,NA,8,5
IR1,Gtl,Gd,TA,Gd,TA,No,Unf,Unf,Ex,Gd,Typ,NA,RFn,TA,TA,Y,NA,NA,7,5
IR2,Gtl,Ex,TA,Ex,TA,Gd,Unf,Unf,Ex,Gd,Typ,Gd,Fin,TA,TA,Y,NA,NA,10,5
Reg,Gtl,TA,TA,TA,TA,Av,ALQ,Unf,Ex,TA,Typ,NA,Unf,TA,TA,Y,NA,MnPrv,5,7
Reg,Gtl,TA,TA,Gd,TA,No,ALQ,Unf,Ex,Gd,Typ,NA,Unf,TA,TA,Y,NA,NA,6,5
Reg,Gtl,TA,TA,TA,Fa,No,Unf,Unf,TA,Fa,Typ,NA,Unf,TA,TA,N,NA,NA,5,7
IR1,Gtl,Gd,TA,Gd,Gd,Mn,GLQ,Unf,Ex,Gd,Typ,Gd,RFn,TA,TA,Y,NA,NA,8,5
IR1,Gtl,TA,TA,TA,TA,No,Unf,Unf,Gd,TA,Typ,NA,Unf,TA,TA,Y,NA,GdPrv,7,6
Reg,Gtl,TA,TA,Gd,TA,No,GLQ,Unf,Ex,Gd,Typ,NA,RFn,TA,TA,Y,NA,GdPrv,7,5
Reg,Gtl,Gd,TA,Ex,TA,Av,Unf,Unf,Ex,Gd,Typ,Gd,RFn,TA,TA,Y,NA,NA,8,5
Reg,Gtl,TA,TA,Gd,TA,Gd,GLQ,Unf,TA,TA,Min1,Gd,RFn,TA,TA,Y,NA,NA,7,5
IR1,Gtl,Gd,TA,Gd,TA,Av,GLQ,Unf,Ex,Gd,Typ,NA,RFn,TA,TA,Y,NA,NA,7,5
Reg,Gtl,TA,Gd,TA,TA,No,Unf,Unf,TA,TA,Typ,NA,Unf,TA,TA,Y,NA,NA,4,6
Reg,Gtl,Gd,TA,TA,TA,No,BLQ,Unf,TA,TA,Typ,TA,Fin,TA,TA,Y,NA,NA,7,4
IR1,Gtl,TA,Gd,Gd,TA,Gd,ALQ,Unf,Ex,TA,Typ,Gd,Fin,TA,TA,Y,NA,NA,7,6
Reg,Gtl,TA,TA,TA,TA,No,ALQ,Unf,TA,TA,Typ,NA,Unf,TA,TA,Y,NA,NA,4,6
IR1,Gtl,TA,TA,Gd,TA,No,Unf,Unf,Gd,TA,Typ,TA,Fin,TA,TA,Y,NA,NA,7,5
Reg,Gtl,TA,TA,TA,TA,No,ALQ,BLQ,Gd,TA,Typ,NA,Unf,TA,TA,Y,NA,GdWo,5,7
Reg,Gtl,Gd,Gd,Fa,TA,No,Unf,Unf,Gd,TA,Typ,NA,Unf,TA,TA,Y,NA,NA,3,6
Reg,Gtl,TA,TA,Gd,TA,Gd,GLQ,Unf,TA,TA,Typ,NA,Unf,TA,TA,Y,NA,GdWo,4,5
IR1,Gtl,TA,TA,TA,TA,No,ALQ,Unf,Ex,TA,Typ,NA,Unf,TA,TA,Y,NA,NA,4,7
Reg,Gtl,TA,TA,TA,TA,No,BLQ,GLQ,TA,TA,Min1,NA,Unf,TA,TA,Y,NA,MnPrv,5,5
Reg,Gtl,TA,TA,TA,TA,No,Unf,Unf,TA,TA,Typ,NA,NA,NA,NA,Y,NA,NA,4,5
Reg,Gtl,TA,TA,TA,TA,No,Unf,Unf,Gd,TA,Typ,NA,Unf,TA,TA,Y,NA,MnPrv,5,6
Reg,Gtl,TA,Gd,Gd,TA,No,Rec,Unf,TA,Gd,Typ,Gd,Fin,TA,TA,Y,NA,NA,6,6
Reg,Gtl,TA,Gd,Ex,Gd,No,GLQ,Unf,Ex,TA,Typ,NA,Fin,TA,TA,Y,NA,NA,6,5
Reg,Gtl,TA,TA,Gd,TA,No,GLQ,Unf,Ex,Gd,Typ,Gd,RFn,TA,TA,Y,NA,NA,8,5
IR1,Gtl,TA,TA,TA,TA,No,Unf,Unf,Gd,TA,Typ,NA,Unf,TA,TA,Y,NA,NA,5,5
IR1,Gtl,TA,TA,Gd,TA,No,Unf,Unf,Gd,TA,Typ,TA,Fin,TA,TA,Y,NA,NA,7,5
Reg,Gtl,Gd,TA,Gd,TA,No,Unf,Unf,Ex,Gd,Typ,TA,Unf,TA,TA,Y,NA,NA,8,5
IR2,Gtl,Gd,TA,Gd,TA,Av,Unf,Unf,Ex,Gd,Typ,Gd,Fin,TA,TA,Y,NA,NA,6,5
Reg,Gtl,Gd,TA,Gd,TA,Av,Unf,Unf,Ex,Gd,Typ,NA,RFn,TA,TA,Y,NA,NA,6,5
IR1,Gtl,Fa,Fa,TA,Fa,No,Unf,Unf,TA,Fa,Typ,NA,NA,NA,NA,N,NA,MnPrv,3,2
Reg,Gtl,TA,TA,Gd,TA,No,GLQ,Unf,Ex,TA,Typ,NA,NA,NA,NA,Y,NA,NA,4,5
Reg,Gtl,TA,TA,NA,NA,NA,NA,NA,TA,TA,Typ,NA,Unf,TA,TA,Y,NA,NA,4,5
Reg,Gtl,TA,TA,TA,TA,No,Rec,Unf,TA,TA,Typ,NA,Unf,TA,TA,Y,NA,GdWo,5,3
IR1,Gtl,TA,Gd,Gd,TA,No,ALQ,Unf,Ex,TA,Typ,NA,Unf,TA,TA,Y,NA,NA,5,7
Reg,Gtl,TA,TA,TA,Fa,Mn,Rec,Unf,Ex,TA,Typ,Gd,Unf,TA,TA,Y,NA,NA,6,6
IR1,Gtl,TA,Gd,Gd,TA,No,GLQ,Unf,Ex,Gd,Typ,NA,RFn,TA,TA,Y,NA,NA,6,5
IR2,Gtl,Ex,Gd,Gd,Gd,No,ALQ,Unf,Gd,TA,Typ,TA,Fin,TA,TA,Y,NA,NA,6,8
IR1,Gtl,Gd,TA,Gd,TA,Av,ALQ,Unf,Ex,Gd,Typ,NA,RFn,TA,TA,Y,NA,NA,7,5
Reg,Gtl,TA,TA,TA,TA,No,Rec,Unf,TA,TA,Typ,NA,Fin,TA,TA,P,NA,NA,4,5
Reg,Gtl,TA,TA,TA,TA,No,ALQ,Unf,Fa,TA,Typ,NA,Unf,Fa,TA,Y,NA,NA,5,5
IR1,Gtl,TA,TA,TA,TA,No,ALQ,Unf,Fa,TA,Typ,NA,NA,NA,NA,Y,NA,NA,4,5
IR1,Gtl,TA,TA,TA,TA,Mn,ALQ,Unf,Gd,Gd,Typ,TA,RFn,TA,TA,Y,NA,NA,6,7
Reg,Gtl,Gd,TA,Gd,TA,No,Unf,Unf,TA,Gd,Typ,TA,Fin,TA,TA,Y,NA,NA,6,5
Reg,Gtl,TA,Fa,NA,NA,NA,NA,NA,TA,TA,Typ,NA,Unf,TA,TA,Y,NA,NA,5,5
IR1,Gtl,TA,TA,Gd,TA,No,Unf,Unf,Ex,Gd,Typ,NA,RFn,TA,TA,Y,NA,NA,7,5
Reg,Gtl,TA,Fa,TA,TA,No,LwQ,Unf,Ex,TA,Typ,TA,Unf,TA,TA,Y,NA,NA,7,4
Reg,Gtl,Gd,TA,Ex,TA,No,Unf,Unf,Ex,Gd,Typ,Gd,RFn,TA,TA,Y,NA,NA,8,5
Reg,Gtl,TA,TA,Fa,TA,No,Unf,Unf,Gd,TA,Typ,NA,Unf,Fa,Fa,N,NA,NA,4,7
Reg,Gtl,TA,TA,TA,TA,No,ALQ,BLQ,Ex,TA,Typ,NA,Unf,TA,TA,Y,NA,NA,5,5
Reg,Gtl,TA,TA,TA,TA,No,Unf,Unf,TA,Fa,Typ,NA,NA,NA,NA,N,NA,NA,5,7
IR1,Gtl,TA,TA,Gd,TA,No,BLQ,Unf,Ex,TA,Typ,TA,RFn,TA,TA,Y,NA,MnPrv,6,6
Reg,Gtl,TA,TA,TA,Fa,No,Rec,Unf,Gd,TA,Typ,NA,Unf,TA,TA,Y,NA,NA,6,4
IR1,Gtl,TA,TA,Gd,TA,No,GLQ,Unf,Ex,TA,Typ,TA,Fin,TA,TA,Y,NA,NA,7,5
Reg,Gtl,Gd,TA,Ex,TA,Av,GLQ,Unf,Ex,Ex,Typ,Gd,Fin,TA,TA,Y,NA,NA,7,5
Reg,Gtl,TA,Gd,Gd,TA,Mn,ALQ,Rec,TA,Gd,Typ,Gd,Unf,TA,TA,Y,NA,MnPrv,6,5
IR1,Mod,TA,TA,TA,TA,No,ALQ,LwQ,Ex,Gd,Typ,TA,Unf,TA,TA,Y,NA,MnPrv,6,8
Reg,Gtl,TA,TA,Gd,TA,No,GLQ,Unf,Gd,TA,Typ,Fa,Unf,TA,TA,Y,NA,NA,6,5
Reg,Gtl,TA,TA,TA,TA,No,LwQ,BLQ,TA,TA,Typ,Po,Unf,TA,TA,Y,NA,NA,5,5
Reg,Gtl,TA,TA,Gd,TA,No,Unf,Unf,Gd,TA,Typ,NA,Unf,TA,TA,Y,NA,NA,5,5
Reg,Gtl,TA,TA,Gd,TA,Mn,GLQ,Unf,Gd,Gd,Typ,TA,Unf,TA,TA,Y,NA,NA,7,5
Reg,Gtl,Gd,TA,Gd,TA,No,Unf,Unf,Ex,Gd,Typ,Gd,Fin,TA,TA,Y,NA,NA,6,5
IR1,Sev,TA,TA,TA,TA,Gd,ALQ,Unf,Ex,TA,Typ,TA,Unf,TA,TA,Y,NA,NA,6,5
Reg,Gtl,TA,TA,TA,TA,No,Unf,Unf,Gd,TA,Typ,NA,Unf,TA,TA,P,NA,MnPrv,4,5
Reg,Gtl,TA,Gd,TA,TA,No,BLQ,Unf,Gd,TA,Typ,NA,Unf,TA,TA,Y,NA,NA,6,7
Reg,Gtl,Gd,TA,Gd,TA,No,GLQ,Unf,Ex,Gd,Typ,NA,RFn,TA,TA,Y,NA,NA,6,5
IR1,Gtl,TA,Gd,Gd,Fa,No,Unf,Unf,TA,TA,Typ,TA,Unf,TA,TA,Y,NA,NA,6,5
Reg,Gtl,TA,Fa,TA,TA,Av,GLQ,Unf,Gd,TA,Typ,NA,NA,NA,NA,N,NA,NA,6,8
IR1,Gtl,TA,TA,Gd,TA,No,ALQ,Unf,TA,TA,Typ,TA,RFn,TA,TA,Y,NA,NA,6,5
IR1,Gtl,TA,Gd,TA,TA,No,LwQ,Unf,Ex,TA,Typ,TA,NA,NA,NA,N,NA,NA,5,7
Reg,Gtl,TA,TA,TA,TA,No,BLQ,Unf,TA,TA,Typ,Fa,RFn,TA,TA,Y,NA,NA,6,5
Reg,Gtl,TA,TA,TA,TA,No,Rec,BLQ,TA,Ex,Typ,NA,RFn,TA,TA,Y,NA,MnWw,5,7
Reg,Gtl,TA,TA,TA,TA,No,Rec,Unf,Ex,Gd,Typ,Gd,Fin,TA,TA,Y,NA,GdPrv,7,6
IR1,Gtl,Gd,TA,Gd,TA,No,GLQ,Unf,Ex,Gd,Typ,TA,RFn,TA,TA,Y,NA,NA,6,5
Reg,Gtl,TA,TA,TA,TA,No,Rec,Unf,Gd,Gd,Typ,NA,Unf,TA,TA,Y,NA,NA,5,6
IR1,Gtl,Gd,TA,Ex,TA,No,GLQ,Unf,Ex,Gd,Typ,NA,Fin,TA,TA,Y,NA,NA,8,5
IR1,Gtl,TA,TA,TA,TA,No,Rec,Unf,Gd,TA,Min1,TA,RFn,TA,TA,Y,NA,MnPrv,5,6
Reg,Gtl,TA,TA,TA,TA,No,Unf,Unf,Gd,TA,Typ,Gd,Unf,TA,TA,Y,NA,MnPrv,7,6
IR1,Gtl,TA,TA,TA,TA,No,BLQ,Unf,TA,TA,Typ,Fa,RFn,TA,TA,Y,NA,NA,5,5
Reg,Gtl,TA,TA,TA,TA,No,Unf,Unf,Gd,TA,Typ,NA,Unf,TA,TA,Y,NA,NA,7,5
IR1,Gtl,Gd,TA,Gd,TA,Mn,GLQ,Unf,Ex,Gd,Typ,TA,Fin,TA,TA,Y,NA,GdPrv,8,5
IR1,Gtl,TA,TA,Gd,TA,No,GLQ,Unf,Ex,Gd,Typ,NA,RFn,TA,TA,Y,NA,MnPrv,6,5
Reg,Gtl,TA,TA,TA,TA,No,ALQ,Unf,TA,TA,Typ,Po,NA,NA,NA,Y,NA,NA,4,5
Reg,Gtl,Gd,TA,Gd,TA,Av,GLQ,Unf,Ex,Gd,Typ,NA,Fin,TA,TA,Y,NA,NA,7,5
Reg,Gtl,TA,Fa,TA,TA,No,Rec,Unf,Fa,TA,Typ,NA,Unf,TA,TA,Y,NA,MnPrv,5,4
IR1,Gtl,Gd,TA,Gd,TA,Gd,GLQ,Unf,Ex,Gd,Typ,NA,RFn,TA,TA,Y,NA,NA,7,5
Reg,Gtl,TA,TA,TA,TA,No,Rec,Unf,TA,TA,Typ,NA,Unf,TA,TA,Y,NA,NA,5,5
Reg,Gtl,Gd,TA,Gd,TA,No,Unf,Unf,Ex,Gd,Maj1,NA,Unf,TA,TA,Y,NA,NA,6,5
Reg,Gtl,TA,TA,TA,TA,No,BLQ,Unf,TA,TA,Typ,NA,Unf,Fa,TA,Y,NA,NA,5,7
IR1,Gtl,Gd,TA,Gd,TA,No,Unf,Unf,Ex,Gd,Typ,Gd,Fin,TA,TA,Y,NA,NA,7,5
Reg,Gtl,TA,TA,Gd,TA,No,GLQ,Unf,Ex,Gd,Typ,NA,NA,NA,NA,Y,NA,NA,7,5
Reg,Gtl,TA,TA,Gd,TA,No,Unf,Unf,Gd,TA,Typ,NA,Unf,Fa,TA,Y,NA,NA,5,4
Reg,Gtl,TA,TA,TA,TA,Av,BLQ,Unf,TA,TA,Typ,NA,Unf,TA,TA,Y,NA,MnPrv,5,6
Reg,Gtl,Gd,TA,Ex,TA,Gd,GLQ,Unf,Ex,Gd,Typ,Gd,RFn,TA,TA,Y,NA,NA,8,5
IR1,Gtl,TA,TA,TA,TA,No,Rec,Unf,Gd,TA,Typ,Gd,RFn,TA,TA,Y,NA,GdWo,6,5
Reg,Gtl,TA,TA,Gd,TA,Gd,BLQ,ALQ,Gd,TA,Typ,Gd,RFn,TA,TA,Y,NA,NA,6,7
Reg,Gtl,TA,TA,TA,TA,No,Unf,Unf,TA,TA,Typ,NA,Unf,Fa,Fa,Y,NA,NA,6,5
Reg,Gtl,TA,TA,TA,TA,No,Unf,Unf,Fa,TA,Typ,NA,NA,NA,NA,N,NA,NA,6,5
Reg,Gtl,TA,TA,NA,NA,NA,NA,NA,TA,TA,Typ,NA,Unf,TA,TA,Y,NA,NA,5,7
Reg,Gtl,Gd,TA,Ex,TA,No,Unf,Unf,Ex,Ex,Typ,Gd,Fin,TA,TA,Y,NA,NA,8,5
Reg,Gtl,Gd,TA,Gd,TA,No,GLQ,Unf,Ex,Gd,Typ,Gd,RFn,TA,TA,Y,NA,GdWo,7,5
IR1,Gtl,Gd,TA,Gd,TA,Mn,GLQ,Unf,Ex,Gd,Typ,Gd,RFn,TA,TA,Y,NA,NA,7,5
IR1,Gtl,TA,TA,Gd,TA,No,BLQ,Unf,TA,TA,Typ,NA,Unf,TA,TA,Y,NA,NA,6,6
IR1,Gtl,Gd,TA,Ex,TA,Av,GLQ,Unf,Ex,Ex,Typ,Gd,Fin,TA,TA,Y,NA,NA,9,5
Reg,Gtl,Gd,TA,Gd,TA,Mn,BLQ,Unf,Ex,Gd,Typ,Gd,RFn,TA,TA,Y,NA,NA,7,5
Reg,Gtl,TA,TA,TA,TA,No,Unf,Unf,Ex,TA,Typ,NA,NA,NA,NA,Y,NA,MnPrv,4,6
Reg,Gtl,TA,Gd,TA,TA,Mn,LwQ,Unf,Gd,Gd,Typ,NA,Unf,TA,TA,Y,NA,NA,6,7
Reg,Gtl,TA,Gd,TA,TA,No,ALQ,Rec,Gd,TA,Typ,NA,NA,NA,NA,Y,NA,NA,5,7
IR1,Gtl,Gd,TA,TA,TA,No,LwQ,BLQ,Ex,TA,Typ,Gd,Fin,TA,TA,Y,NA,GdWo,5,5
Reg,Gtl,Gd,TA,Ex,TA,No,GLQ,Unf,Ex,Ex,Typ,Gd,Fin,TA,TA,Y,NA,NA,8,5
IR1,Gtl,Gd,TA,Gd,TA,No,Unf,Unf,Ex,Gd,Typ,Gd,Fin,TA,TA,Y,NA,NA,7,5
IR1,Gtl,Gd,TA,Gd,TA,No,Unf,Unf,TA,TA,Typ,TA,RFn,TA,TA,Y,NA,NA,8,6
IR1,Gtl,TA,TA,TA,TA,No,Rec,Unf,TA,TA,Typ,NA,Unf,TA,TA,Y,NA,NA,5,6
IR1,Gtl,TA,TA,TA,Gd,Gd,BLQ,Unf,Fa,TA,Typ,Gd,Fin,TA,TA,P,NA,NA,6,5
IR1,Gtl,Gd,Gd,Gd,Gd,No,GLQ,Rec,Gd,Gd,Typ,TA,RFn,Gd,TA,Y,NA,NA,7,7
IR1,Gtl,TA,TA,TA,TA,No,ALQ,Rec,TA,TA,Typ,TA,Unf,TA,TA,Y,NA,NA,6,5
IR1,Gtl,TA,TA,Gd,Fa,No,ALQ,LwQ,TA,TA,Min2,TA,Fin,TA,TA,Y,NA,NA,6,5
Reg,Gtl,TA,TA,TA,Gd,Av,ALQ,Unf,TA,Gd,Typ,Gd,Unf,TA,TA,Y,NA,MnPrv,6,7
IR1,Gtl,Gd,TA,Gd,TA,No,GLQ,Unf,TA,TA,Typ,TA,Unf,TA,TA,Y,NA,NA,6,5
Reg,Gtl,Gd,Gd,TA,TA,No,ALQ,BLQ,Ex,Gd,Typ,Gd,Unf,TA,TA,Y,NA,NA,5,5
IR1,Gtl,Ex,TA,Ex,TA,No,GLQ,Unf,Ex,Ex,Typ,Gd,Fin,TA,TA,Y,NA,NA,9,5
Reg,Gtl,Gd,TA,TA,TA,No,Unf,Unf,TA,TA,Typ,NA,Unf,Fa,TA,N,NA,NA,5,6
Reg,Gtl,Gd,TA,Gd,TA,No,GLQ,Unf,Ex,Gd,Typ,TA,Unf,TA,TA,Y,NA,NA,6,5
Reg,Gtl,TA,TA,Fa,TA,No,LwQ,Unf,Gd,TA,Typ,Gd,Unf,Fa,TA,Y,NA,NA,7,6
Reg,Gtl,TA,TA,NA,NA,NA,NA,NA,Ex,TA,Typ,Gd,RFn,TA,TA,Y,NA,MnPrv,5,6
Reg,Gtl,TA,TA,Gd,TA,No,Unf,Unf,Ex,Gd,Mod,NA,Unf,TA,TA,N,NA,NA,7,5
IR1,Gtl,TA,TA,Fa,TA,No,Unf,Unf,Gd,TA,Typ,NA,Unf,TA,TA,Y,NA,MnPrv,5,8
IR2,Gtl,Gd,Gd,TA,TA,Mn,Unf,Unf,Ex,Ex,Typ,TA,Unf,Ex,TA,Y,NA,GdPrv,10,9
IR1,Gtl,TA,TA,Gd,TA,Av,GLQ,Unf,Ex,Gd,Typ,NA,Unf,TA,TA,Y,NA,GdPrv,7,5
Reg,Gtl,TA,TA,Fa,TA,No,Unf,Unf,Ex,TA,Min2,NA,Unf,Fa,Fa,N,NA,MnPrv,5,7
Reg,Gtl,TA,TA,Gd,TA,Av,GLQ,Unf,TA,TA,Typ,TA,Unf,TA,TA,Y,NA,NA,5,5
Reg,Gtl,Gd,TA,Ex,TA,Av,GLQ,Unf,Ex,Ex,Typ,Gd,Fin,TA,TA,Y,NA,NA,8,5
Reg,Mod,Gd,TA,Gd,Gd,No,Rec,Unf,TA,Gd,Maj1,TA,Unf,TA,TA,Y,NA,NA,8,8
IR1,Gtl,TA,TA,TA,TA,No,ALQ,Unf,Gd,Gd,Typ,NA,Fin,TA,TA,Y,NA,NA,7,9
IR1,Gtl,Gd,TA,Gd,TA,Av,GLQ,Unf,Ex,Gd,Typ,NA,Fin,TA,TA,Y,NA,NA,7,5
Reg,Gtl,Gd,TA,Gd,TA,No,Unf,Unf,Ex,Gd,Maj1,NA,Unf,TA,TA,Y,NA,NA,7,5
IR1,Gtl,TA,TA,TA,TA,Av,ALQ,Unf,TA,TA,Typ,NA,Unf,TA,TA,Y,NA,NA,5,7
Reg,Gtl,TA,TA,Gd,TA,No,ALQ,Unf,TA,TA,Typ,TA,Unf,TA,TA,Y,NA,NA,6,6
Reg,Gtl,Ex,TA,Ex,TA,No,GLQ,Unf,Ex,Ex,Typ,Gd,Fin,TA,TA,Y,NA,NA,7,5
Reg,Gtl,Gd,Gd,TA,TA,No,GLQ,LwQ,Gd,Gd,Typ,Ex,Unf,TA,TA,Y,Ex,GdPrv,8,4
Reg,Gtl,TA,TA,TA,TA,No,Unf,Unf,Ex,TA,Typ,NA,NA,NA,NA,Y,NA,MnPrv,6,6
Reg,Gtl,Gd,TA,Ex,TA,Av,GLQ,Unf,Ex,Ex,Typ,Gd,Fin,TA,TA,Y,NA,NA,8,5
Reg,Gtl,TA,TA,Gd,TA,No,Unf,Unf,Ex,TA,Typ,NA,RFn,TA,TA,Y,NA,NA,4,5
Reg,Gtl,TA,TA,TA,TA,No,ALQ,LwQ,TA,TA,Typ,Fa,Unf,TA,TA,Y,NA,MnPrv,6,6
Reg,Gtl,TA,Gd,Fa,TA,No,LwQ,Unf,Gd,TA,Min1,NA,Unf,TA,TA,Y,NA,NA,6,6
Reg,Gtl,Gd,TA,Gd,TA,Av,GLQ,Unf,Ex,Gd,Typ,Gd,RFn,TA,TA,Y,NA,NA,6,5
Reg,Gtl,TA,TA,TA,TA,No,LwQ,Unf,TA,TA,Typ,NA,Unf,TA,TA,Y,NA,MnWw,5,7
Reg,Gtl,TA,TA,Gd,TA,No,Unf,Unf,Ex,TA,Typ,NA,RFn,TA,TA,Y,NA,NA,7,5
IR1,Gtl,TA,Gd,TA,TA,No,Unf,Unf,TA,TA,Min2,TA,RFn,TA,TA,Y,NA,NA,5,5
IR1,Gtl,TA,TA,TA,TA,No,ALQ,Rec,TA,TA,Typ,Po,RFn,TA,TA,Y,NA,GdWo,4,5
IR1,Mod,Gd,TA,Gd,TA,Gd,GLQ,Unf,Ex,TA,Typ,Gd,Fin,TA,TA,Y,NA,NA,7,5
Reg,Gtl,TA,TA,Gd,TA,No,Rec,Unf,Ex,TA,Typ,NA,RFn,TA,Gd,Y,NA,MnPrv,6,7
Reg,Gtl,TA,TA,TA,TA,No,Rec,Unf,TA,TA,Typ,NA,NA,NA,NA,Y,NA,NA,5,6
Reg,Gtl,TA,TA,Gd,TA,Mn,GLQ,Unf,Ex,Gd,Typ,NA,RFn,TA,TA,Y,NA,NA,6,5
Reg,Gtl,TA,TA,Gd,TA,No,GLQ,Unf,Ex,Gd,Typ,TA,RFn,TA,TA,Y,NA,NA,7,5
IR2,Gtl,TA,TA,Gd,TA,No,ALQ,Unf,Ex,TA,Typ,NA,Unf,TA,TA,Y,NA,NA,5,5
IR1,Gtl,TA,TA,Gd,TA,No,GLQ,Unf,Ex,TA,Typ,NA,Fin,TA,TA,Y,NA,MnPrv,6,7
IR1,Gtl,TA,TA,TA,TA,No,BLQ,Unf,TA,Gd,Min1,Fa,Unf,TA,TA,Y,NA,MnPrv,5,6
Reg,Gtl,Gd,TA,Gd,TA,Mn,GLQ,Unf,Ex,Gd,Typ,NA,Unf,TA,TA,Y,NA,NA,7,5
Reg,Gtl,TA,TA,TA,TA,No,Unf,Unf,Fa,TA,Typ,NA,Unf,TA,TA,Y,NA,NA,4,4
IR1,Gtl,Gd,Gd,TA,TA,No,BLQ,Unf,Ex,Gd,Typ,TA,Unf,TA,TA,Y,NA,NA,7,9
Reg,Gtl,Gd,TA,Gd,TA,Av,GLQ,Unf,Ex,Gd,Typ,NA,Fin,TA,TA,Y,NA,NA,7,5
IR1,Gtl,Gd,TA,Gd,TA,Mn,Unf,Unf,Ex,Gd,Typ,NA,RFn,TA,TA,Y,NA,NA,7,5
IR1,Gtl,Gd,TA,Gd,TA,No,Unf,Unf,Ex,Gd,Typ,TA,RFn,TA,TA,Y,NA,NA,6,5
Reg,Gtl,TA,TA,Gd,TA,No,ALQ,Unf,TA,TA,Typ,TA,RFn,TA,TA,Y,NA,MnPrv,6,6
Reg,Gtl,TA,TA,TA,TA,No,ALQ,LwQ,Gd,TA,Typ,NA,Unf,TA,TA,Y,NA,NA,4,6
Reg,Gtl,Ex,TA,Ex,TA,Gd,GLQ,Unf,Ex,Ex,Typ,Ex,Fin,TA,TA,Y,NA,NA,10,5
Reg,Gtl,TA,TA,TA,TA,No,Unf,Unf,TA,TA,Typ,NA,Unf,TA,TA,Y,NA,NA,5,5
IR1,Gtl,Gd,TA,Gd,TA,No,GLQ,Unf,Ex,Gd,Typ,TA,RFn,TA,TA,Y,NA,NA,7,5
Reg,Gtl,TA,TA,TA,TA,No,Rec,Unf,TA,TA,Typ,NA,Unf,TA,TA,Y,NA,NA,6,6
Reg,Gtl,TA,TA,TA,TA,No,ALQ,Unf,TA,TA,Typ,Fa,Unf,TA,TA,Y,NA,MnPrv,5,5
Reg,Gtl,Gd,TA,Gd,TA,Av,GLQ,Unf,Ex,Gd,Typ,TA,Fin,TA,TA,Y,NA,NA,7,5
Reg,Gtl,TA,TA,TA,TA,No,Unf,Unf,TA,TA,Typ,NA,RFn,TA,TA,Y,NA,NA,6,6
IR1,Gtl,Gd,TA,Gd,TA,No,GLQ,Unf,Ex,Ex,Typ,TA,Fin,TA,TA,Y,NA,NA,8,5
Reg,Gtl,TA,TA,TA,TA,No,Unf,Unf,TA,TA,Typ,Po,Unf,TA,TA,Y,NA,NA,6,5
Reg,Gtl,TA,TA,TA,Gd,Av,LwQ,ALQ,TA,TA,Typ,NA,Unf,TA,TA,Y,NA,MnPrv,5,6
Reg,Gtl,Gd,TA,Gd,TA,No,GLQ,Unf,Ex,Gd,Typ,TA,Fin,TA,TA,Y,NA,NA,6,5
Reg,Gtl,TA,TA,TA,TA,No,ALQ,Unf,TA,TA,Typ,NA,Unf,TA,TA,Y,NA,NA,6,3
Reg,Gtl,Gd,TA,Gd,TA,Av,GLQ,Unf,Ex,Gd,Typ,NA,RFn,TA,TA,Y,NA,NA,7,5
IR1,Gtl,Gd,TA,Gd,TA,No,BLQ,Unf,Ex,Gd,Typ,NA,RFn,TA,TA,Y,NA,NA,7,7
Reg,Gtl,Ex,TA,Ex,TA,No,Unf,Unf,Ex,Gd,Typ,NA,Fin,TA,TA,Y,NA,NA,8,5
Reg,Gtl,TA,TA,TA,Fa,No,LwQ,Unf,TA,TA,Typ,Gd,Unf,TA,TA,Y,NA,MnPrv,6,4
Reg,Gtl,Gd,TA,Gd,TA,Av,GLQ,Unf,Ex,Gd,Typ,NA,RFn,TA,TA,Y,NA,NA,8,5
Reg,Gtl,TA,Gd,TA,TA,No,ALQ,Unf,Gd,Gd,Typ,NA,NA,NA,NA,Y,NA,NA,5,9
Reg,Gtl,TA,TA,TA,TA,No,Unf,Unf,Gd,TA,Typ,NA,Unf,Fa,TA,Y,NA,NA,5,4
Reg,Gtl,TA,TA,Gd,TA,No,Unf,Unf,TA,TA,Typ,TA,RFn,TA,TA,Y,NA,NA,6,6
IR1,Gtl,Gd,TA,Gd,TA,No,GLQ,Unf,Ex,Gd,Typ,Fa,RFn,TA,TA,Y,NA,NA,7,5
Reg,Gtl,TA,TA,Gd,TA,Av,GLQ,Unf,Gd,TA,Typ,TA,Fin,TA,TA,Y,NA,NA,7,5
Reg,Gtl,TA,Fa,Fa,TA,No,Unf,Unf,Gd,Fa,Typ,NA,Unf,Po,Po,Y,NA,NA,6,8
Reg,Gtl,TA,TA,TA,TA,No,Unf,Unf,Ex,TA,Typ,TA,Unf,TA,TA,Y,NA,NA,6,5
Reg,Gtl,Gd,TA,Gd,TA,No,Unf,Unf,Ex,Gd,Typ,NA,RFn,TA,TA,Y,NA,NA,7,5
IR2,Sev,Gd,TA,Gd,TA,Gd,Rec,Unf,Gd,Gd,Typ,TA,Fin,TA,TA,Y,NA,NA,6,7
IR1,Gtl,TA,Po,TA,TA,No,Unf,Unf,Ex,Fa,Mod,NA,NA,NA,NA,Y,NA,GdWo,3,2
IR1,Mod,Gd,TA,Gd,TA,Gd,GLQ,Unf,Ex,Gd,Typ,Gd,Fin,TA,TA,Y,NA,NA,8,5
IR1,Gtl,Gd,TA,Gd,TA,No,Unf,Unf,Ex,Gd,Typ,NA,RFn,TA,TA,Y,NA,NA,6,5
Reg,Gtl,TA,TA,Gd,TA,Gd,LwQ,ALQ,Ex,Gd,Min1,NA,RFn,TA,TA,Y,NA,MnPrv,6,7
Reg,Gtl,TA,Gd,TA,TA,No,Rec,Unf,TA,TA,Typ,NA,RFn,TA,TA,Y,NA,NA,5,6
IR1,Gtl,Gd,TA,Gd,TA,No,Unf,Unf,Ex,Gd,Typ,TA,Fin,TA,TA,Y,NA,NA,7,5
IR1,Gtl,Gd,TA,Gd,TA,No,Rec,Unf,Ex,Gd,Typ,NA,RFn,TA,TA,Y,NA,NA,6,5
Reg,Gtl,Gd,TA,Gd,TA,No,GLQ,Unf,Ex,Gd,Typ,Gd,RFn,TA,TA,Y,NA,NA,7,5
Reg,Gtl,Gd,TA,Gd,TA,No,GLQ,Unf,Ex,Gd,Typ,TA,RFn,TA,TA,Y,NA,NA,7,5
Reg,Gtl,TA,TA,NA,NA,NA,NA,NA,Gd,TA,Typ,NA,Unf,TA,TA,Y,NA,NA,5,5
Reg,Gtl,TA,TA,TA,TA,Gd,Rec,ALQ,TA,TA,Typ,TA,Unf,TA,TA,Y,NA,GdWo,6,5
IR1,Gtl,Gd,TA,Ex,TA,No,Unf,Unf,Ex,Ex,Typ,Gd,Fin,TA,TA,Y,NA,NA,8,5
IR1,Gtl,TA,TA,Gd,Gd,Av,ALQ,Unf,TA,TA,Typ,TA,Unf,TA,TA,Y,NA,GdWo,6,7
Reg,Gtl,TA,TA,TA,TA,No,LwQ,ALQ,TA,TA,Typ,NA,Unf,TA,TA,Y,NA,NA,5,7
IR3,Gtl,TA,TA,Fa,TA,No,Unf,Unf,Gd,TA,Typ,NA,Unf,TA,TA,N,NA,NA,5,5
IR1,Gtl,TA,Gd,Gd,TA,No,GLQ,LwQ,TA,Gd,Typ,TA,Fin,TA,TA,Y,NA,GdPrv,6,6
IR1,Gtl,TA,TA,Gd,TA,Av,GLQ,Unf,Gd,TA,Typ,TA,Fin,TA,TA,Y,NA,NA,6,5
Reg,Mod,TA,TA,TA,TA,No,LwQ,Unf,Ex,Gd,Typ,Gd,Unf,TA,TA,Y,NA,NA,5,8
Reg,Gtl,TA,TA,TA,TA,No,ALQ,Rec,Ex,TA,Typ,Gd,Fin,Ex,Ex,Y,NA,NA,5,6
IR1,Gtl,TA,Gd,TA,Gd,No,BLQ,Unf,TA,TA,Typ,Fa,RFn,TA,Gd,Y,NA,GdPrv,6,7
Reg,Gtl,Gd,TA,Gd,TA,Mn,Unf,Unf,Gd,Gd,Typ,Gd,RFn,TA,TA,Y,NA,NA,8,5
IR1,Sev,TA,TA,Gd,TA,Gd,LwQ,GLQ,Ex,TA,Mod,TA,Unf,TA,TA,Y,NA,NA,7,7
IR1,Gtl,Gd,TA,Gd,TA,No,GLQ,Unf,Ex,Gd,Typ,Gd,Fin,TA,TA,Y,NA,NA,8,7
Reg,Gtl,TA,TA,TA,TA,No,Rec,LwQ,Gd,TA,Min1,Gd,RFn,TA,TA,Y,NA,MnPrv,6,6
Reg,Gtl,TA,TA,TA,TA,Gd,ALQ,Unf,TA,TA,Typ,NA,Unf,TA,TA,Y,NA,NA,5,7
Reg,Gtl,Gd,Gd,TA,TA,No,Unf,Unf,Gd,Ex,Typ,NA,Unf,TA,TA,Y,NA,NA,7,7
IR1,Gtl,Gd,TA,Ex,TA,No,Unf,Unf,Ex,Gd,Typ,NA,Fin,TA,TA,Y,NA,NA,7,5
Reg,Gtl,TA,TA,TA,TA,No,LwQ,Unf,Ex,TA,Typ,NA,Unf,TA,TA,Y,NA,NA,4,5
Reg,Gtl,Ex,TA,Ex,TA,Gd,Unf,Unf,Ex,Ex,Typ,Ex,Fin,TA,TA,Y,NA,NA,9,5
Reg,Gtl,TA,TA,Gd,TA,No,BLQ,Unf,Ex,TA,Typ,TA,Fin,TA,TA,Y,NA,NA,7,5
Reg,Gtl,Gd,TA,Gd,TA,Av,GLQ,Unf,Gd,Gd,Typ,TA,Fin,TA,TA,Y,NA,NA,7,6
Reg,Gtl,Gd,TA,Gd,TA,No,GLQ,Unf,Gd,Gd,Typ,NA,Fin,TA,TA,Y,NA,NA,6,5
Reg,Gtl,Gd,TA,Gd,TA,No,GLQ,Unf,Ex,Gd,Typ,Gd,RFn,TA,TA,Y,NA,NA,7,5
Reg,Gtl,Gd,TA,Gd,TA,No,Unf,Unf,Ex,Gd,Typ,Gd,Fin,TA,TA,Y,NA,NA,8,5
Reg,Gtl,Gd,TA,Gd,TA,No,GLQ,Unf,Gd,Gd,Typ,NA,RFn,TA,TA,Y,NA,NA,6,5
IR1,Gtl,Gd,TA,Gd,TA,No,Unf,Unf,Ex,Gd,Typ,NA,RFn,TA,TA,Y,NA,NA,7,5
IR1,Gtl,TA,TA,TA,TA,No,Rec,Unf,TA,Gd,Typ,Gd,RFn,TA,TA,Y,NA,GdPrv,6,7
IR1,Gtl,TA,TA,TA,TA,No,BLQ,Unf,TA,TA,Typ,NA,NA,NA,NA,Y,NA,NA,4,4
IR1,Gtl,TA,Gd,TA,TA,No,BLQ,Unf,TA,TA,Typ,NA,Unf,TA,TA,Y,NA,MnPrv,5,5
Reg,Gtl,TA,TA,TA,TA,No,Unf,Unf,Ex,TA,Typ,NA,Unf,TA,TA,Y,NA,NA,6,7
Reg,Gtl,Gd,TA,Gd,TA,Av,Unf,Unf,Ex,Gd,Typ,Gd,RFn,Gd,TA,Y,NA,NA,8,5
Reg,Gtl,TA,Fa,TA,Fa,No,Rec,Unf,Ex,Fa,Typ,NA,NA,NA,NA,N,NA,NA,5,6
Reg,Gtl,TA,TA,TA,TA,No,LwQ,Unf,Gd,TA,Min2,Gd,Unf,TA,TA,Y,NA,NA,5,4
IR1,Gtl,TA,TA,TA,TA,No,ALQ,Unf,Fa,Gd,Typ,TA,Fin,TA,TA,Y,NA,NA,7,7
Reg,Gtl,TA,TA,TA,TA,No,GLQ,Unf,TA,TA,Typ,Gd,Fin,TA,TA,Y,NA,NA,6,5
IR1,Gtl,TA,TA,TA,TA,Av,GLQ,Unf,TA,TA,Typ,NA,Unf,TA,TA,Y,NA,GdPrv,6,6
Reg,Gtl,TA,TA,TA,TA,No,BLQ,Unf,TA,TA,Typ,NA,Unf,TA,TA,Y,NA,MnPrv,5,5
IR1,Gtl,Gd,TA,Gd,TA,No,BLQ,Unf,Ex,Gd,Typ,TA,RFn,TA,TA,Y,NA,NA,7,5
Reg,Gtl,Gd,TA,TA,TA,No,ALQ,Rec,Gd,TA,Typ,Gd,Unf,TA,TA,Y,NA,NA,6,6
Reg,Gtl,TA,Gd,TA,TA,No,Unf,Unf,Ex,Gd,Typ,Gd,Unf,TA,TA,Y,NA,GdPrv,6,8
Reg,Gtl,TA,TA,TA,TA,Mn,BLQ,Unf,TA,TA,Typ,Gd,Unf,TA,TA,Y,NA,NA,5,5
IR3,Gtl,Gd,TA,Gd,TA,No,GLQ,Unf,Ex,Gd,Typ,TA,Fin,TA,TA,Y,NA,NA,8,5
IR1,Gtl,Gd,TA,Gd,TA,No,Unf,Unf,Ex,Gd,Typ,TA,RFn,TA,TA,Y,NA,NA,7,5
Reg,Gtl,TA,TA,TA,TA,No,ALQ,Unf,TA,TA,Typ,NA,Unf,TA,TA,Y,NA,GdWo,5,7
Reg,Gtl,TA,TA,TA,TA,No,Unf,Unf,Ex,Gd,Typ,Ex,Unf,TA,TA,Y,NA,NA,7,9
Reg,Gtl,Gd,TA,Gd,TA,No,GLQ,Unf,Ex,Gd,Typ,NA,Fin,TA,TA,Y,NA,NA,8,5
Reg,Gtl,Gd,TA,Gd,TA,No,ALQ,Unf,Gd,Gd,Typ,TA,RFn,TA,TA,Y,NA,NA,7,5
IR1,Gtl,TA,Fa,TA,TA,No,Unf,Unf,TA,Fa,Typ,NA,NA,NA,NA,N,NA,MnPrv,6,7
IR1,Gtl,TA,TA,TA,TA,No,BLQ,Unf,Ex,TA,Typ,NA,Unf,TA,TA,Y,NA,NA,4,5
IR1,Gtl,Gd,TA,Ex,TA,Gd,GLQ,Unf,Ex,Ex,Typ,Ex,Fin,TA,TA,Y,NA,NA,9,5
IR1,Gtl,TA,TA,Gd,TA,No,ALQ,Unf,Gd,Gd,Typ,TA,Fin,TA,TA,Y,NA,NA,6,5
Reg,Gtl,TA,Gd,TA,TA,No,ALQ,Unf,Ex,TA,Typ,Gd,Unf,TA,TA,Y,NA,NA,6,6
Reg,Gtl,TA,TA,Gd,TA,Mn,Rec,Unf,TA,TA,Typ,Gd,Unf,TA,TA,Y,NA,MnPrv,5,7
IR3,Sev,TA,TA,Gd,TA,Gd,ALQ,Rec,TA,TA,Typ,Gd,RFn,TA,TA,Y,NA,NA,7,5
Reg,Gtl,TA,TA,TA,Gd,No,LwQ,Unf,Ex,Ex,Typ,Gd,Unf,Fa,TA,Y,NA,NA,7,7
IR1,Gtl,Gd,TA,Gd,TA,No,GLQ,Unf,Ex,Gd,Typ,Gd,Fin,TA,TA,Y,NA,NA,7,5
IR1,Gtl,Gd,TA,Gd,TA,No,GLQ,Unf,TA,Ex,Typ,TA,RFn,TA,TA,Y,NA,GdPrv,7,7
Reg,Gtl,Gd,TA,Gd,TA,Av,Unf,Unf,Ex,Gd,Typ,Gd,RFn,TA,TA,Y,NA,NA,8,5
Reg,Mod,Gd,TA,Gd,TA,Gd,GLQ,Unf,Ex,Gd,Typ,TA,RFn,TA,TA,Y,NA,NA,7,5
Reg,Gtl,TA,TA,Gd,TA,Av,GLQ,Unf,TA,TA,Typ,TA,Unf,TA,TA,Y,NA,NA,7,5
Reg,Gtl,TA,TA,Ex,Gd,Av,Unf,Unf,Ex,Gd,Typ,NA,RFn,TA,TA,Y,NA,NA,9,5
IR1,Gtl,Gd,TA,Ex,TA,Av,GLQ,Unf,Ex,Gd,Typ,Gd,Fin,TA,TA,Y,NA,NA,8,5
IR1,Gtl,Gd,TA,TA,TA,Gd,LwQ,ALQ,Ex,Gd,Typ,TA,Fin,TA,TA,Y,NA,MnPrv,7,5
Reg,Gtl,TA,Gd,TA,TA,No,ALQ,Unf,Ex,TA,Typ,NA,Unf,Fa,TA,Y,NA,NA,3,8
Reg,Gtl,Gd,Gd,Gd,TA,No,Unf,Unf,Ex,Gd,Typ,Gd,Fin,TA,TA,Y,NA,NA,7,7
Reg,Gtl,TA,TA,TA,TA,Av,BLQ,Unf,Po,TA,Typ,NA,Unf,TA,TA,Y,NA,NA,5,6
IR1,Gtl,Gd,TA,Gd,TA,Gd,GLQ,Unf,Ex,Gd,Typ,Gd,Fin,TA,TA,Y,NA,NA,8,5
Reg,Gtl,TA,TA,TA,TA,No,Rec,Unf,TA,TA,Typ,NA,RFn,TA,TA,Y,NA,NA,6,5
IR1,Gtl,TA,TA,TA,TA,No,Unf,Unf,Gd,Gd,Typ,NA,Unf,TA,TA,Y,NA,NA,6,6
Reg,Gtl,TA,TA,TA,TA,Mn,Unf,Unf,TA,TA,Typ,NA,Unf,Fa,Fa,N,NA,GdWo,5,5
IR1,Gtl,TA,TA,TA,TA,No,GLQ,Rec,TA,TA,Typ,NA,Unf,TA,TA,Y,NA,NA,5,4
Reg,Gtl,TA,TA,TA,TA,No,Rec,Unf,Fa,TA,Typ,NA,RFn,TA,TA,Y,NA,NA,5,6
IR1,Gtl,Gd,TA,Gd,TA,No,GLQ,NA,Ex,Gd,Typ,Gd,RFn,TA,TA,Y,NA,NA,8,5
Reg,Gtl,Gd,TA,Gd,TA,Av,GLQ,Unf,Ex,Gd,Typ,Gd,RFn,TA,TA,Y,NA,NA,7,5
IR1,Gtl,TA,TA,Gd,TA,Gd,GLQ,Unf,Gd,TA,Typ,TA,Fin,TA,TA,Y,NA,NA,6,5
IR1,Sev,TA,TA,TA,TA,Gd,ALQ,BLQ,Ex,TA,Typ,Gd,Fin,TA,TA,Y,NA,NA,5,6
IR1,Gtl,Gd,TA,Ex,TA,Gd,GLQ,Unf,Ex,Gd,Typ,Gd,Fin,TA,TA,Y,NA,NA,9,5
Reg,Gtl,Gd,TA,Gd,TA,Av,GLQ,Unf,Ex,Gd,Typ,NA,RFn,TA,TA,Y,NA,NA,7,5
Reg,Gtl,Gd,TA,Gd,TA,Mn,ALQ,Unf,Ex,Gd,Typ,NA,RFn,TA,TA,Y,NA,NA,7,7
IR1,Gtl,TA,TA,TA,Fa,No,Rec,Unf,TA,TA,Typ,NA,Unf,TA,TA,Y,NA,NA,6,7
Reg,Gtl,Gd,TA,Gd,TA,No,Unf,Unf,Ex,Gd,Typ,NA,Fin,TA,TA,Y,NA,NA,8,5
Reg,Gtl,Fa,Fa,TA,Fa,No,Unf,Unf,Gd,TA,Typ,NA,Unf,TA,TA,N,NA,NA,4,4
Reg,Gtl,TA,TA,NA,NA,NA,NA,NA,Fa,TA,Typ,NA,Unf,TA,TA,Y,NA,NA,3,4
IR1,Gtl,Ex,TA,Ex,TA,No,GLQ,Unf,Ex,Ex,Typ,Ex,RFn,TA,TA,Y,NA,NA,9,5
Reg,Gtl,TA,TA,Gd,TA,No,Rec,BLQ,TA,TA,Typ,NA,Unf,TA,TA,Y,NA,NA,5,3
Reg,Gtl,TA,TA,TA,TA,No,Unf,Unf,Gd,Fa,Typ,Gd,Unf,TA,TA,Y,NA,NA,6,5
IR1,Gtl,TA,Gd,TA,TA,Mn,BLQ,Unf,TA,TA,Typ,NA,RFn,TA,TA,Y,NA,NA,6,8
IR1,Gtl,TA,TA,TA,TA,No,BLQ,Unf,Ex,TA,Typ,Gd,Unf,TA,TA,Y,NA,NA,6,5
Reg,Gtl,Gd,TA,Gd,TA,No,GLQ,Unf,Ex,Gd,Typ,NA,RFn,TA,TA,Y,NA,NA,7,5
IR2,Gtl,Ex,TA,Ex,TA,No,GLQ,Unf,Ex,Ex,Typ,Ex,Fin,TA,TA,Y,NA,NA,9,5
IR1,Gtl,Ex,TA,Ex,TA,No,Unf,Unf,Ex,Ex,Typ,Gd,RFn,TA,TA,Y,NA,NA,9,5
IR1,Mod,TA,TA,Gd,TA,Gd,GLQ,Unf,Gd,Gd,Typ,TA,RFn,TA,TA,Y,NA,NA,7,5
Reg,Gtl,TA,TA,TA,Fa,Mn,LwQ,Rec,TA,TA,Typ,NA,Unf,TA,Fa,Y,NA,NA,5,6
Reg,Gtl,TA,Gd,TA,TA,No,Unf,Unf,Gd,TA,Typ,NA,Unf,TA,TA,Y,NA,NA,6,8
Reg,Gtl,TA,TA,TA,TA,No,LwQ,Unf,Ex,TA,Typ,Gd,Unf,TA,TA,Y,NA,NA,6,5
IR2,Gtl,Gd,Gd,Gd,Gd,No,ALQ,BLQ,Ex,Gd,Typ,NA,RFn,TA,TA,Y,NA,NA,6,5
IR1,Gtl,TA,TA,Gd,TA,No,GLQ,Unf,Gd,Gd,Typ,NA,RFn,TA,TA,Y,NA,NA,6,6
Reg,Gtl,TA,TA,Gd,TA,No,ALQ,Unf,TA,TA,Typ,Po,Fin,TA,TA,Y,NA,MnPrv,5,5
IR1,Gtl,TA,TA,TA,TA,Av,BLQ,Rec,Ex,Gd,Min2,NA,Unf,TA,TA,Y,NA,NA,5,4
IR1,Gtl,Gd,TA,Gd,TA,Av,GLQ,Unf,Ex,Gd,Typ,TA,RFn,TA,TA,Y,NA,NA,8,5
IR1,Gtl,TA,TA,Gd,TA,Av,GLQ,Unf,Ex,TA,Typ,TA,RFn,TA,TA,Y,NA,MnPrv,6,6
Reg,Gtl,TA,TA,TA,TA,No,Rec,Unf,Gd,TA,Typ,NA,Unf,TA,TA,N,NA,NA,5,5
Reg,Gtl,Gd,TA,NA,NA,NA,NA,NA,Ex,Gd,Typ,Ex,RFn,TA,TA,Y,NA,NA,7,5
Reg,Gtl,TA,TA,TA,TA,No,ALQ,Unf,Gd,Gd,Typ,NA,Unf,TA,TA,Y,NA,NA,6,8
IR1,Gtl,TA,TA,Gd,TA,Mn,GLQ,Unf,TA,TA,Typ,TA,Fin,TA,TA,Y,NA,NA,6,5
Reg,Gtl,TA,Gd,TA,Fa,No,Rec,Unf,Gd,TA,Typ,NA,Unf,TA,Fa,Y,NA,NA,5,7
IR1,Gtl,TA,TA,Gd,TA,No,BLQ,Unf,Gd,TA,Typ,Gd,RFn,TA,TA,Y,NA,NA,6,5
IR1,Gtl,TA,TA,Gd,TA,Gd,GLQ,Unf,Gd,TA,Typ,Gd,RFn,TA,TA,Y,NA,NA,6,5
Reg,Gtl,TA,TA,TA,TA,No,LwQ,Unf,Gd,TA,Typ,Gd,Fin,TA,TA,Y,NA,NA,5,6
IR1,Gtl,TA,Gd,TA,TA,No,ALQ,Rec,Ex,Gd,Typ,Gd,Fin,TA,TA,Y,NA,NA,5,7
IR1,Gtl,TA,TA,Gd,TA,No,Unf,Unf,Ex,TA,Typ,TA,RFn,TA,TA,Y,NA,NA,6,5
Reg,Gtl,TA,TA,NA,NA,NA,NA,NA,TA,TA,Min2,Gd,Fin,TA,TA,N,NA,NA,4,4
Reg,Gtl,TA,TA,Gd,TA,No,ALQ,LwQ,TA,TA,Typ,NA,Unf,TA,TA,Y,NA,MnPrv,6,5
Reg,Gtl,TA,TA,TA,TA,No,BLQ,LwQ,TA,TA,Min2,NA,Unf,TA,TA,Y,NA,GdWo,5,6
Reg,Gtl,Gd,TA,Gd,TA,No,Unf,Unf,Ex,Gd,Typ,Gd,Fin,TA,TA,Y,NA,NA,7,5
IR1,Sev,Fa,Fa,Fa,Po,Gd,BLQ,Unf,Gd,Fa,Maj1,NA,NA,NA,NA,Y,NA,NA,1,1
IR1,Gtl,Gd,TA,Gd,TA,Av,GLQ,Unf,Ex,TA,Typ,NA,Unf,TA,TA,Y,NA,NA,5,5
IR1,Gtl,Gd,TA,Gd,TA,No,Unf,Unf,Ex,Gd,Typ,Gd,RFn,TA,TA,Y,NA,NA,8,5
Reg,Gtl,Gd,TA,Ex,TA,Av,GLQ,Unf,Ex,Ex,Typ,Ex,Fin,TA,TA,Y,NA,NA,9,2
IR1,Gtl,TA,TA,Gd,TA,No,Unf,Unf,Ex,TA,Typ,TA,Fin,TA,TA,Y,NA,NA,6,5
Reg,Gtl,TA,TA,TA,TA,No,LwQ,Unf,TA,Gd,Typ,Gd,Unf,TA,TA,Y,NA,NA,5,6
Reg,Gtl,Gd,TA,Gd,Gd,No,Unf,Unf,Ex,Gd,Typ,Gd,RFn,TA,TA,Y,NA,NA,7,5
IR1,Gtl,Gd,TA,Gd,TA,Av,Unf,Unf,Ex,Gd,Typ,NA,RFn,TA,TA,Y,NA,NA,7,5
Reg,Gtl,TA,TA,Fa,Fa,No,Unf,Unf,TA,TA,Typ,NA,Unf,Fa,Fa,N,NA,NA,6,3
IR2,Mod,Gd,TA,Gd,TA,Av,GLQ,Unf,Ex,Gd,Typ,Fa,Fin,TA,TA,Y,NA,NA,6,5
Reg,Gtl,Gd,TA,Gd,TA,No,GLQ,Unf,Ex,Gd,Typ,TA,Fin,TA,TA,Y,NA,NA,8,5
Reg,Gtl,TA,Fa,TA,TA,No,Unf,Unf,TA,TA,Typ,NA,NA,NA,NA,N,NA,NA,5,3
Reg,Gtl,TA,TA,TA,TA,Av,ALQ,Unf,Ex,TA,Typ,Fa,Unf,TA,TA,Y,NA,GdWo,6,6
IR1,Gtl,Gd,TA,Gd,TA,No,Unf,Unf,Ex,Gd,Typ,NA,RFn,TA,TA,Y,NA,NA,7,5
Reg,Gtl,Ex,TA,Ex,TA,Av,GLQ,Unf,Ex,Ex,Typ,Ex,Fin,TA,TA,Y,NA,NA,10,5
Reg,Gtl,TA,TA,TA,Gd,No,Rec,BLQ,Ex,TA,Typ,NA,Unf,TA,TA,Y,NA,MnPrv,5,8
IR1,Gtl,TA,TA,Ex,TA,No,ALQ,Unf,Ex,Gd,Typ,TA,Fin,TA,TA,Y,NA,NA,6,5
IR1,Gtl,TA,TA,NA,NA,NA,NA,NA,TA,TA,Typ,NA,RFn,TA,TA,Y,NA,MnPrv,5,7
Reg,Gtl,TA,TA,TA,TA,No,Rec,Unf,TA,TA,Typ,TA,NA,NA,NA,Y,NA,GdWo,4,5
Reg,Gtl,TA,TA,TA,TA,No,Unf,Unf,Gd,TA,Typ,NA,Unf,TA,TA,Y,NA,NA,5,6
Reg,Gtl,TA,TA,TA,TA,Av,BLQ,Unf,TA,TA,Typ,NA,Unf,TA,TA,Y,NA,NA,5,6
Reg,Gtl,TA,TA,TA,TA,Av,Rec,Unf,TA,TA,Typ,NA,RFn,TA,TA,Y,NA,NA,5,5
Reg,Gtl,TA,TA,TA,TA,No,ALQ,Unf,TA,TA,Typ,TA,RFn,TA,TA,Y,NA,NA,5,5
Reg,Gtl,TA,Fa,Fa,Po,No,Unf,Unf,Gd,TA,Maj2,NA,Unf,Po,Po,N,NA,NA,5,2
Reg,Gtl,Gd,TA,Gd,TA,No,GLQ,Unf,Ex,Gd,Typ,NA,Fin,TA,TA,Y,NA,NA,7,5
IR2,Gtl,Gd,TA,Gd,TA,No,GLQ,Unf,Ex,Ex,Typ,Gd,Fin,TA,TA,Y,NA,NA,8,5
IR1,Gtl,Gd,TA,Gd,TA,Av,GLQ,Unf,Ex,Gd,Typ,Gd,Fin,TA,TA,Y,NA,NA,7,5
Reg,Gtl,TA,TA,TA,TA,No,Unf,Unf,Ex,TA,Typ,NA,Unf,TA,TA,N,NA,GdPrv,5,8
Reg,Gtl,Gd,TA,Gd,TA,No,Unf,Unf,Gd,Gd,Typ,TA,Fin,TA,TA,Y,NA,NA,8,5
IR1,Gtl,TA,TA,Gd,TA,No,Unf,Unf,Gd,TA,Typ,TA,Fin,TA,TA,Y,NA,NA,6,5
IR1,Gtl,TA,TA,TA,TA,No,BLQ,Unf,Ex,TA,Min1,TA,Unf,TA,TA,Y,NA,GdWo,4,4
Reg,Gtl,TA,TA,TA,TA,No,Unf,Unf,Ex,TA,Maj2,NA,Unf,TA,TA,Y,NA,NA,6,5
Reg,Gtl,TA,TA,Gd,TA,No,Unf,Unf,Ex,TA,Typ,NA,Unf,TA,TA,Y,NA,NA,6,7
Reg,Gtl,Gd,TA,Ex,Gd,No,Unf,Unf,Ex,Gd,Typ,Gd,RFn,TA,TA,Y,NA,NA,7,5
Reg,Gtl,Gd,TA,Ex,TA,No,GLQ,Unf,Ex,Ex,Typ,Gd,Fin,TA,TA,Y,NA,NA,8,5
Reg,Gtl,TA,Fa,TA,Fa,No,Unf,Unf,TA,TA,Mod,NA,Unf,TA,TA,Y,NA,NA,5,3
Reg,Gtl,TA,TA,TA,TA,Mn,Rec,Unf,TA,TA,Typ,NA,Fin,TA,TA,Y,NA,NA,5,5
IR2,Gtl,Ex,TA,Ex,TA,Av,GLQ,Unf,Ex,Gd,Typ,Gd,Fin,TA,TA,Y,NA,NA,7,5
Reg,Gtl,TA,TA,TA,TA,No,Unf,Unf,Gd,TA,Typ,Gd,Unf,TA,TA,Y,NA,NA,5,6
IR2,Gtl,Gd,TA,Gd,TA,No,BLQ,GLQ,Ex,Gd,Typ,TA,Unf,TA,TA,Y,NA,NA,7,5
IR1,Gtl,Gd,TA,Gd,TA,Av,GLQ,Unf,Ex,Gd,Typ,NA,Fin,TA,TA,Y,NA,NA,7,5
Reg,Gtl,TA,TA,TA,TA,No,ALQ,Unf,TA,TA,Typ,TA,Fin,TA,TA,Y,NA,NA,6,7
IR1,Gtl,TA,TA,Gd,TA,No,BLQ,Unf,TA,TA,Typ,Gd,Unf,TA,TA,N,NA,NA,6,6
Reg,Gtl,TA,TA,TA,TA,No,ALQ,Unf,Fa,TA,Typ,NA,Unf,TA,TA,P,NA,NA,5,6
Reg,Gtl,TA,TA,TA,TA,No,BLQ,Unf,Ex,TA,Typ,Fa,Unf,TA,TA,Y,NA,NA,5,6
Reg,Gtl,TA,Gd,Gd,Gd,Gd,GLQ,Unf,Ex,TA,Typ,NA,Fin,TA,TA,Y,NA,NA,7,5
IR1,Gtl,Gd,TA,Gd,TA,No,ALQ,Unf,Gd,Gd,Typ,TA,Fin,TA,TA,Y,NA,NA,6,7
Reg,Mod,TA,TA,TA,TA,No,Unf,Unf,Ex,TA,Typ,NA,RFn,TA,TA,N,NA,NA,5,5
Reg,Gtl,Gd,TA,Gd,TA,No,GLQ,Unf,Gd,Gd,Typ,TA,Fin,TA,TA,Y,NA,NA,8,5
Reg,Gtl,TA,TA,Gd,TA,No,LwQ,Unf,Gd,TA,Typ,Gd,RFn,TA,TA,Y,NA,NA,6,5
Reg,Gtl,TA,Gd,TA,TA,No,Unf,Unf,Gd,TA,Typ,Gd,Unf,TA,TA,P,NA,NA,7,8
Reg,Mod,Gd,TA,Gd,TA,Gd,GLQ,Unf,Gd,Gd,Typ,TA,Fin,TA,TA,Y,NA,NA,7,5
IR1,Gtl,TA,TA,TA,TA,No,Rec,Unf,Ex,TA,Typ,NA,Unf,TA,TA,Y,NA,NA,4,6
Reg,Gtl,Gd,TA,Gd,TA,No,GLQ,Unf,Ex,Gd,Typ,NA,RFn,TA,TA,Y,NA,NA,7,5
IR1,Gtl,TA,TA,Gd,TA,Mn,GLQ,Unf,TA,Gd,Typ,TA,Unf,TA,TA,Y,NA,NA,6,5
Reg,Gtl,TA,TA,TA,TA,No,ALQ,Unf,TA,TA,Typ,NA,Unf,TA,TA,Y,NA,NA,6,5
IR1,Gtl,TA,TA,TA,TA,No,Unf,Unf,Gd,TA,Typ,NA,NA,NA,NA,N,NA,MnPrv,6,7
Reg,Gtl,TA,TA,TA,TA,No,ALQ,Unf,Ex,TA,Min1,NA,Unf,TA,TA,Y,NA,NA,5,5
IR1,Gtl,TA,TA,Gd,TA,No,Unf,Unf,Ex,TA,Typ,TA,Fin,TA,TA,Y,NA,NA,6,5
Reg,Gtl,TA,Gd,Gd,TA,Av,ALQ,Unf,Gd,TA,Typ,NA,NA,NA,NA,Y,NA,NA,4,7
IR2,Gtl,Gd,TA,Gd,TA,Av,GLQ,ALQ,Ex,Gd,Typ,TA,RFn,TA,TA,Y,NA,NA,7,6
Reg,Gtl,TA,TA,Fa,TA,No,Unf,Unf,TA,TA,Typ,NA,Unf,TA,TA,Y,NA,NA,6,8
Reg,Gtl,Gd,TA,TA,TA,No,Unf,Unf,Gd,TA,Typ,NA,Unf,TA,TA,Y,NA,NA,6,7
Reg,Gtl,TA,TA,TA,TA,No,LwQ,Unf,TA,Gd,Typ,Gd,Unf,Gd,TA,P,NA,MnPrv,5,6
Reg,Gtl,TA,TA,TA,Fa,Mn,Unf,Unf,Gd,Gd,Typ,NA,Unf,TA,TA,Y,NA,GdPrv,6,8
Reg,Gtl,Ex,TA,Ex,TA,Gd,GLQ,ALQ,Ex,Ex,Typ,Gd,Fin,TA,TA,Y,NA,NA,10,5
Reg,Gtl,TA,TA,TA,TA,No,ALQ,Unf,TA,Fa,Typ,NA,NA,NA,NA,Y,NA,NA,4,4
Reg,Gtl,TA,TA,TA,TA,No,Unf,Unf,TA,TA,Typ,Gd,Unf,TA,TA,P,NA,NA,5,7
Reg,Gtl,Gd,TA,Ex,TA,Av,Unf,Unf,Ex,Gd,Typ,Gd,Fin,TA,TA,Y,NA,NA,7,5
Reg,Gtl,Gd,Gd,Gd,TA,No,GLQ,Unf,Ex,Gd,Typ,TA,Unf,TA,TA,Y,NA,NA,7,5
Reg,Gtl,TA,TA,TA,TA,No,Unf,Unf,Fa,TA,Typ,Gd,Unf,TA,TA,Y,NA,MnPrv,6,5
IR1,Gtl,Gd,TA,TA,TA,No,ALQ,Rec,Ex,Gd,Mod,Gd,Fin,TA,TA,Y,NA,NA,6,6
IR1,Gtl,Gd,TA,Gd,TA,No,Unf,Unf,Gd,Gd,Typ,TA,Fin,TA,TA,Y,NA,NA,7,5
Reg,Gtl,TA,TA,TA,TA,No,Unf,Unf,TA,TA,Typ,Gd,Unf,TA,TA,N,NA,NA,6,6
Reg,Gtl,TA,Gd,TA,TA,No,ALQ,Unf,Ex,TA,Typ,NA,Unf,TA,TA,Y,NA,NA,3,7
Reg,Gtl,TA,TA,TA,TA,No,Unf,Unf,Ex,Gd,Typ,NA,Unf,Fa,Fa,N,NA,NA,6,8
IR1,Mod,TA,TA,Gd,TA,Gd,ALQ,Unf,TA,Gd,Typ,TA,Unf,TA,TA,Y,NA,NA,7,5
IR1,Gtl,Gd,TA,Ex,TA,No,ALQ,Unf,Ex,TA,Typ,NA,Fin,TA,TA,Y,NA,NA,6,5
Reg,Gtl,Gd,TA,Gd,TA,No,Unf,Unf,Ex,Gd,Typ,NA,RFn,TA,TA,Y,NA,NA,8,5
Reg,Gtl,TA,TA,TA,TA,No,ALQ,Unf,TA,TA,Typ,NA,Unf,TA,TA,Y,NA,NA,5,5
Reg,Gtl,TA,TA,TA,TA,No,ALQ,Unf,Fa,TA,Typ,TA,Unf,TA,TA,Y,NA,NA,7,6
Reg,Gtl,TA,TA,TA,TA,No,Unf,Unf,Fa,TA,Typ,NA,Unf,Fa,Fa,Y,NA,NA,5,5
IR1,Mod,TA,TA,Gd,TA,Gd,BLQ,Unf,Ex,Gd,Min1,Gd,Fin,TA,TA,Y,NA,NA,4,6
Reg,Gtl,TA,Gd,TA,TA,No,Unf,Unf,Fa,Gd,Typ,Gd,Unf,TA,TA,Y,NA,MnPrv,8,7
IR1,Gtl,TA,TA,TA,TA,No,LwQ,Unf,TA,Gd,Typ,TA,Unf,TA,TA,Y,NA,NA,5,4
IR1,Gtl,Gd,TA,Gd,TA,No,GLQ,Unf,Ex,TA,Typ,NA,Fin,TA,TA,Y,NA,NA,8,5
Reg,Gtl,Gd,Gd,Gd,Gd,No,ALQ,BLQ,Ex,Gd,Typ,NA,RFn,TA,TA,Y,NA,MnPrv,7,9
IR1,Gtl,TA,TA,TA,TA,No,Rec,BLQ,Gd,TA,Typ,Po,Unf,TA,TA,Y,NA,GdWo,5,5
IR1,Mod,TA,TA,TA,TA,No,LwQ,Unf,Fa,TA,Typ,Gd,Unf,TA,TA,Y,NA,NA,6,7
Reg,Mod,TA,TA,Gd,TA,No,Rec,Unf,TA,TA,Typ,NA,NA,NA,NA,Y,NA,NA,5,5
Reg,Gtl,Gd,TA,Gd,TA,No,Unf,Unf,Ex,Gd,Typ,TA,Fin,TA,TA,Y,NA,NA,7,5
Reg,Gtl,TA,Gd,TA,Gd,Gd,GLQ,Unf,TA,TA,Typ,Po,Unf,TA,TA,Y,NA,GdWo,7,5
Reg,Gtl,TA,TA,TA,TA,No,LwQ,Unf,Ex,Gd,Typ,Gd,Unf,TA,TA,Y,NA,NA,5,7
IR1,Gtl,Gd,TA,Gd,TA,No,Unf,Unf,Ex,Gd,Typ,Gd,RFn,TA,TA,Y,NA,NA,8,5
IR1,Gtl,Gd,TA,Gd,TA,No,GLQ,Unf,Ex,Gd,Typ,NA,RFn,TA,TA,Y,NA,NA,6,5
IR1,Gtl,Gd,TA,Gd,TA,Av,GLQ,BLQ,TA,Gd,Typ,NA,RFn,TA,TA,Y,NA,NA,8,5
Reg,Gtl,TA,TA,Gd,TA,No,Unf,Unf,TA,TA,Typ,Gd,RFn,TA,TA,Y,NA,NA,7,6
Reg,Gtl,TA,TA,Gd,TA,Gd,GLQ,Unf,Ex,TA,Typ,NA,RFn,TA,TA,Y,NA,NA,6,5
IR1,Gtl,Gd,TA,Ex,TA,Gd,GLQ,Unf,Ex,Gd,Typ,Ex,RFn,TA,TA,Y,NA,NA,8,5
Reg,Gtl,Gd,TA,Gd,TA,Av,GLQ,Unf,Ex,Ex,Typ,NA,RFn,TA,TA,Y,NA,NA,8,5
Reg,Gtl,TA,TA,TA,TA,No,GLQ,Unf,TA,TA,Typ,NA,Unf,TA,TA,Y,NA,NA,5,6
Reg,Mod,TA,TA,Gd,TA,Gd,GLQ,Unf,Ex,Gd,Typ,TA,Fin,TA,TA,Y,NA,NA,6,5
Reg,Gtl,Ex,TA,Gd,TA,Av,Unf,Unf,Ex,Ex,Typ,Gd,Fin,TA,TA,Y,NA,NA,9,5
Reg,Gtl,Gd,TA,Ex,TA,Gd,GLQ,Unf,Ex,Gd,Typ,Gd,RFn,TA,TA,Y,NA,NA,8,5
Reg,Gtl,TA,TA,Fa,TA,No,Rec,Unf,TA,TA,Typ,NA,Unf,TA,TA,Y,NA,MnPrv,4,7
IR1,Gtl,Gd,TA,Ex,TA,Gd,GLQ,Unf,Ex,Gd,Typ,Gd,Fin,TA,TA,Y,NA,NA,9,5
IR1,Gtl,Gd,TA,Ex,TA,Gd,GLQ,Unf,Ex,Ex,Typ,Gd,Fin,TA,TA,Y,NA,NA,9,5
Reg,Gtl,Gd,TA,TA,TA,No,ALQ,Unf,Ex,Ex,Min2,Gd,Unf,Fa,Fa,Y,NA,NA,7,8
Reg,Gtl,TA,TA,Ex,TA,No,GLQ,Unf,Ex,TA,Typ,NA,Unf,TA,TA,Y,NA,NA,6,5
IR1,Gtl,TA,Gd,TA,TA,No,ALQ,Unf,Gd,Gd,Typ,NA,Unf,TA,TA,Y,NA,NA,5,7
Reg,Gtl,Gd,TA,TA,TA,No,ALQ,Unf,Gd,Gd,Typ,Gd,Unf,TA,TA,Y,NA,NA,5,7
Reg,Gtl,TA,TA,TA,TA,No,ALQ,Unf,TA,TA,Typ,NA,RFn,TA,TA,Y,NA,NA,5,7
IR1,Gtl,TA,TA,Gd,TA,Av,ALQ,Unf,Gd,TA,Typ,TA,Unf,TA,TA,Y,NA,NA,5,6
Reg,Gtl,TA,Fa,TA,Fa,No,BLQ,Unf,TA,TA,Mod,Gd,Unf,TA,Fa,N,NA,NA,5,4
Reg,Gtl,TA,Gd,Gd,TA,Av,GLQ,Unf,TA,Gd,Typ,NA,Unf,TA,TA,Y,NA,NA,4,8
Reg,Gtl,TA,TA,Gd,TA,Mn,Unf,Unf,TA,TA,Typ,Gd,Fin,TA,TA,Y,NA,NA,5,6
Reg,Gtl,TA,TA,TA,TA,No,BLQ,Rec,TA,Fa,Typ,TA,Unf,TA,TA,Y,NA,MnPrv,6,7
IR1,Gtl,Gd,TA,Gd,TA,No,Unf,Unf,Gd,TA,Typ,NA,RFn,TA,TA,Y,NA,NA,6,5
Reg,Gtl,TA,TA,TA,TA,No,BLQ,LwQ,TA,TA,Typ,Fa,Unf,TA,TA,Y,NA,NA,5,6
Reg,Gtl,TA,TA,Fa,TA,No,Unf,Unf,Gd,TA,Typ,NA,Unf,TA,TA,Y,NA,NA,5,8
Reg,Gtl,TA,TA,TA,TA,No,Rec,Unf,TA,TA,Typ,NA,NA,NA,NA,N,NA,GdWo,4,5
IR1,Gtl,Gd,TA,Gd,TA,No,GLQ,Unf,Ex,Gd,Typ,Gd,RFn,TA,TA,Y,NA,NA,8,5
Reg,Gtl,TA,Gd,TA,TA,No,Rec,Unf,Ex,TA,Typ,NA,Unf,TA,TA,N,NA,GdPrv,7,6
Reg,Gtl,TA,TA,TA,TA,No,ALQ,Unf,Ex,Gd,Typ,NA,Fin,TA,TA,Y,NA,MnPrv,5,7
IR1,Gtl,TA,TA,TA,TA,No,BLQ,LwQ,Fa,TA,Typ,NA,Fin,TA,TA,Y,NA,MnWw,5,7
Reg,Gtl,TA,TA,TA,TA,No,BLQ,Unf,TA,TA,Typ,NA,Unf,TA,TA,Y,NA,NA,6,5
Reg,Gtl,Gd,TA,Gd,TA,No,GLQ,Unf,Gd,Gd,Typ,NA,RFn,TA,TA,Y,NA,NA,7,5
Reg,Gtl,TA,TA,TA,TA,No,ALQ,GLQ,Ex,TA,Typ,NA,Unf,Fa,Fa,Y,NA,GdPrv,5,7
IR1,Gtl,TA,TA,TA,TA,No,ALQ,Unf,TA,TA,Typ,TA,Fin,TA,TA,Y,NA,GdWo,7,8
Reg,Gtl,TA,TA,TA,TA,No,ALQ,Rec,TA,TA,Typ,Fa,Unf,TA,TA,Y,NA,NA,6,5
Reg,Gtl,TA,TA,TA,TA,No,Unf,Unf,Gd,TA,Typ,NA,Unf,TA,TA,N,NA,NA,5,5
IR1,Gtl,Gd,TA,Gd,TA,No,GLQ,Unf,Ex,Gd,Typ,TA,RFn,TA,TA,Y,NA,NA,8,5
IR1,Gtl,Gd,TA,Gd,TA,No,GLQ,Unf,Ex,Gd,Typ,NA,Fin,TA,TA,Y,NA,NA,6,5
Reg,Gtl,TA,Ex,TA,TA,No,Rec,Unf,Ex,Gd,Typ,Gd,Unf,TA,TA,N,NA,NA,7,9
Reg,Gtl,TA,TA,TA,TA,No,ALQ,Unf,Ex,TA,Typ,NA,RFn,TA,TA,Y,NA,MnPrv,5,6
Reg,Gtl,Gd,TA,TA,TA,No,BLQ,Rec,Ex,TA,Min1,TA,Unf,TA,TA,Y,NA,NA,5,7
IR1,Gtl,Gd,TA,Gd,TA,No,Unf,Unf,Ex,Gd,Typ,Gd,RFn,TA,TA,Y,NA,NA,7,5
Reg,Gtl,TA,TA,TA,TA,No,BLQ,LwQ,TA,TA,Typ,NA,Unf,TA,TA,Y,NA,NA,5,5
Reg,Gtl,TA,Gd,TA,TA,No,ALQ,Unf,TA,TA,Typ,NA,Unf,TA,TA,Y,NA,NA,6,5
Reg,Gtl,TA,TA,TA,TA,No,Unf,Unf,Fa,TA,Typ,NA,Unf,Po,Po,Y,NA,MnPrv,5,5
Reg,Gtl,Ex,TA,Ex,TA,No,GLQ,Unf,Ex,Ex,Typ,Gd,Fin,TA,TA,Y,NA,NA,10,5
IR1,Gtl,TA,TA,TA,TA,No,Unf,Unf,TA,TA,Typ,TA,RFn,TA,TA,Y,NA,GdPrv,6,6
IR1,Gtl,Gd,TA,Gd,TA,No,Unf,Unf,Ex,Gd,Typ,TA,RFn,TA,TA,Y,NA,NA,7,5
IR1,Gtl,TA,TA,Gd,TA,Mn,GLQ,Unf,Ex,TA,Typ,NA,RFn,TA,TA,Y,NA,MnPrv,6,5
Reg,Gtl,Gd,TA,Gd,TA,No,Unf,Unf,Ex,Gd,Typ,Gd,Unf,TA,TA,Y,NA,MnPrv,7,9
Reg,Gtl,TA,TA,NA,NA,NA,NA,NA,TA,TA,Typ,NA,NA,NA,NA,N,NA,NA,4,7
IR1,Gtl,TA,TA,TA,TA,No,Rec,Unf,Ex,TA,Typ,Gd,Unf,TA,TA,Y,NA,NA,6,6
Reg,Gtl,TA,Gd,TA,TA,No,ALQ,Unf,Ex,TA,Typ,Gd,Unf,TA,TA,Y,NA,NA,6,7
IR1,Gtl,Ex,TA,Ex,TA,Gd,GLQ,Unf,Ex,Ex,Typ,Gd,Fin,TA,TA,Y,NA,NA,10,5
IR1,Gtl,Gd,TA,Gd,TA,No,GLQ,Unf,Ex,Gd,Typ,TA,Fin,TA,TA,Y,NA,NA,7,5
Reg,Gtl,Gd,TA,Gd,TA,No,Unf,Unf,Ex,Gd,Typ,TA,Unf,TA,TA,Y,NA,NA,7,5
Reg,Gtl,TA,TA,Gd,TA,No,Rec,Unf,TA,TA,Typ,NA,Unf,TA,TA,Y,NA,NA,5,7
IR1,Gtl,Ex,TA,Ex,TA,Av,GLQ,Unf,Ex,Ex,Typ,Gd,Fin,TA,TA,Y,NA,NA,9,5
IR1,Gtl,TA,TA,TA,TA,Mn,ALQ,Unf,Ex,TA,Typ,NA,NA,NA,NA,N,NA,NA,4,7
IR1,Gtl,Gd,TA,TA,TA,No,Rec,Unf,TA,TA,Maj1,TA,RFn,TA,TA,Y,NA,NA,6,3
Reg,Gtl,Gd,TA,Gd,TA,Av,GLQ,Unf,Ex,Gd,Typ,Fa,RFn,TA,TA,Y,NA,NA,6,5
IR1,Gtl,TA,TA,Fa,Fa,Mn,Unf,Unf,Ex,TA,Typ,NA,Fin,TA,Fa,Y,NA,NA,6,8
Reg,Gtl,TA,TA,NA,NA,NA,NA,NA,Ex,TA,Mod,Po,Unf,TA,TA,Y,NA,NA,5,7
Reg,Mod,Fa,Fa,NA,NA,NA,NA,NA,Fa,Fa,Typ,NA,NA,NA,NA,N,NA,NA,1,3
IR1,Gtl,Gd,TA,Ex,Gd,Av,Unf,Unf,Ex,Gd,Typ,Gd,Fin,TA,TA,Y,NA,NA,8,5
Reg,Gtl,TA,TA,Gd,TA,Gd,GLQ,Unf,TA,TA,Typ,NA,NA,NA,NA,N,NA,NA,5,7
IR1,Gtl,TA,TA,Gd,TA,Av,Unf,Unf,Ex,Gd,Typ,NA,Fin,TA,TA,Y,NA,NA,7,5
IR1,Gtl,TA,TA,TA,TA,No,BLQ,Unf,TA,TA,Typ,NA,Unf,TA,TA,Y,NA,MnWw,4,5
IR1,Gtl,TA,TA,TA,TA,No,BLQ,Unf,TA,TA,Typ,Fa,Unf,TA,TA,Y,NA,NA,5,5
Reg,Gtl,Gd,TA,Gd,TA,Av,GLQ,Unf,Ex,Gd,Typ,TA,RFn,TA,TA,Y,NA,MnPrv,8,5
Reg,Gtl,Ex,TA,Ex,TA,Av,GLQ,Unf,Ex,Ex,Typ,Gd,Fin,TA,TA,Y,NA,NA,9,5
Reg,Gtl,Gd,TA,Gd,TA,No,Unf,Unf,Ex,Gd,Typ,TA,Fin,TA,TA,Y,NA,NA,8,5
Reg,Gtl,Gd,TA,Ex,TA,No,LwQ,GLQ,Ex,Gd,Maj1,TA,Fin,TA,TA,Y,NA,NA,7,5
Reg,Gtl,TA,TA,Gd,TA,Av,GLQ,LwQ,Ex,TA,Typ,NA,Fin,TA,TA,Y,NA,NA,7,5
IR1,Gtl,Gd,TA,Gd,Gd,Av,GLQ,Unf,Ex,Gd,Typ,Gd,RFn,TA,TA,Y,NA,NA,7,5
IR1,Gtl,Gd,Gd,Gd,Gd,No,GLQ,LwQ,Gd,Gd,Typ,NA,Unf,TA,TA,Y,NA,NA,7,5
IR1,Gtl,TA,TA,Gd,TA,No,Rec,Unf,Ex,TA,Typ,Gd,Unf,TA,TA,Y,NA,NA,6,7
Reg,Gtl,TA,Gd,Gd,TA,Av,ALQ,Unf,Ex,TA,Typ,NA,Unf,TA,TA,Y,NA,NA,5,7
IR1,Gtl,TA,Gd,TA,TA,No,LwQ,Rec,TA,TA,Typ,NA,RFn,TA,TA,Y,NA,MnPrv,5,7
Reg,Gtl,Gd,TA,Gd,TA,No,Unf,Unf,Ex,Gd,Typ,Gd,Fin,TA,TA,Y,NA,NA,7,5
Reg,Gtl,TA,TA,Gd,TA,No,ALQ,Unf,TA,TA,Typ,NA,RFn,TA,TA,Y,NA,NA,6,6
Reg,Gtl,TA,TA,TA,TA,No,Rec,Unf,Gd,TA,Typ,NA,Fin,TA,TA,Y,NA,NA,5,6
IR1,Gtl,Gd,TA,Ex,TA,Av,Unf,Unf,Ex,Gd,Typ,Gd,RFn,TA,TA,Y,NA,NA,8,5
Reg,Gtl,TA,TA,NA,NA,NA,NA,NA,Ex,Gd,Typ,NA,Fin,TA,TA,N,NA,MnPrv,4,5
Reg,Gtl,Gd,TA,Gd,TA,No,GLQ,Unf,Ex,Gd,Typ,Gd,RFn,TA,TA,Y,NA,NA,7,5
Reg,Gtl,TA,TA,TA,Fa,No,Unf,Unf,TA,TA,Typ,Gd,Unf,TA,TA,Y,NA,NA,5,6
IR1,Gtl,TA,TA,TA,TA,No,Rec,Unf,TA,TA,Typ,TA,Fin,TA,TA,Y,NA,MnWw,5,5
Reg,Mod,TA,TA,TA,TA,No,Rec,Unf,Gd,TA,Typ,NA,Unf,TA,TA,Y,NA,NA,4,6
IR2,Gtl,TA,TA,Gd,TA,Gd,GLQ,Unf,Ex,TA,Typ,TA,Unf,TA,TA,Y,NA,NA,7,5
Reg,Gtl,Gd,TA,Gd,TA,Gd,Unf,Unf,Ex,Gd,Typ,TA,Fin,TA,TA,Y,NA,NA,7,5
IR1,Gtl,TA,TA,Gd,TA,No,ALQ,Unf,TA,TA,Mod,Gd,Unf,TA,TA,Y,NA,NA,5,6
Reg,Mod,TA,TA,Gd,TA,Av,ALQ,LwQ,Gd,TA,Typ,TA,RFn,TA,TA,Y,NA,NA,5,5
Reg,Gtl,TA,TA,TA,TA,No,BLQ,Unf,Ex,TA,Typ,Gd,NA,NA,NA,Y,NA,NA,5,6
Reg,Gtl,TA,TA,Gd,TA,Mn,Unf,Unf,Ex,TA,Typ,Gd,Fin,TA,TA,N,NA,NA,6,7
IR1,Gtl,Gd,TA,Gd,TA,No,GLQ,Unf,Ex,Gd,Typ,TA,RFn,TA,TA,Y,NA,NA,7,5
Reg,Gtl,TA,TA,Gd,TA,No,Unf,Unf,TA,Fa,Typ,NA,Unf,TA,TA,Y,NA,NA,6,4
IR1,Gtl,Gd,TA,Gd,Gd,No,Unf,Unf,Ex,Ex,Typ,Gd,Fin,TA,TA,Y,NA,NA,9,5
IR1,Gtl,Gd,TA,Gd,TA,No,GLQ,Unf,Ex,Gd,Typ,NA,RFn,TA,TA,Y,NA,NA,7,5
IR1,Mod,Gd,TA,Gd,TA,Gd,GLQ,Unf,Ex,Gd,Min2,Gd,Fin,Gd,TA,Y,NA,NA,8,8
IR1,Gtl,TA,TA,Gd,TA,Gd,GLQ,Unf,TA,TA,Typ,TA,Unf,TA,TA,Y,NA,NA,5,5
IR1,Gtl,TA,TA,TA,TA,No,LwQ,Unf,TA,TA,Typ,NA,Unf,TA,TA,Y,NA,NA,5,5
Reg,Gtl,TA,TA,TA,TA,No,BLQ,Unf,Ex,Gd,Typ,NA,Unf,TA,TA,Y,NA,NA,6,6
IR1,Gtl,TA,TA,Ex,TA,Av,Unf,Unf,Gd,Gd,Typ,NA,RFn,TA,TA,Y,NA,NA,7,5
IR1,Gtl,TA,TA,Gd,TA,No,Unf,Unf,Ex,TA,Typ,TA,RFn,TA,TA,Y,NA,NA,7,5
Reg,Gtl,TA,TA,TA,TA,Av,ALQ,Unf,TA,TA,Typ,NA,Unf,TA,TA,Y,NA,GdWo,5,7
Reg,Gtl,TA,TA,TA,TA,No,Rec,Unf,TA,TA,Typ,NA,Unf,TA,TA,Y,NA,NA,5,5
Reg,Gtl,TA,TA,TA,TA,No,Unf,Unf,Gd,TA,Typ,Gd,Unf,TA,TA,Y,NA,NA,7,7
IR1,Gtl,TA,TA,TA,TA,Av,LwQ,ALQ,Ex,TA,Typ,Fa,RFn,TA,TA,Y,NA,NA,5,6
Reg,Gtl,Gd,TA,Gd,TA,No,Unf,Unf,Ex,Gd,Typ,NA,Unf,TA,TA,Y,NA,NA,7,5
Reg,Gtl,TA,TA,TA,TA,No,Unf,Unf,Ex,TA,Typ,NA,Unf,Fa,TA,Y,NA,NA,5,5
IR1,Gtl,TA,TA,TA,TA,No,BLQ,Rec,Ex,Gd,Typ,Gd,Unf,TA,TA,Y,NA,NA,6,6
Reg,Gtl,Ex,TA,Ex,TA,No,Unf,Unf,Ex,Ex,Typ,Gd,RFn,TA,TA,Y,NA,NA,8,5
Reg,Gtl,TA,Gd,Gd,TA,Av,GLQ,Unf,TA,TA,Typ,NA,NA,NA,NA,Y,NA,NA,6,5
Reg,Gtl,Ex,Ex,TA,TA,No,Unf,Unf,Gd,Gd,Typ,Gd,Unf,Gd,TA,Y,NA,NA,10,9
Reg,Gtl,TA,TA,TA,TA,No,Unf,Unf,Ex,Gd,Typ,NA,Unf,TA,TA,Y,NA,NA,4,7
Reg,Gtl,Gd,TA,Ex,TA,Gd,GLQ,Unf,Ex,Gd,Typ,Gd,RFn,TA,TA,Y,NA,NA,8,5
Reg,Gtl,TA,Gd,TA,Gd,Mn,Rec,ALQ,Ex,Fa,Typ,NA,Fin,TA,TA,N,NA,MnWw,6,7
IR1,Gtl,TA,TA,TA,TA,Av,ALQ,Unf,TA,TA,Typ,NA,Unf,TA,TA,Y,NA,NA,5,6
IR1,Sev,TA,TA,TA,TA,Gd,GLQ,Unf,Ex,Ex,Typ,Gd,Unf,TA,TA,Y,NA,NA,5,8
Reg,Gtl,TA,TA,TA,TA,No,Unf,Unf,TA,TA,Typ,NA,Unf,TA,TA,P,NA,NA,5,6
Reg,Gtl,Gd,TA,Gd,TA,No,GLQ,Unf,Ex,Gd,Typ,NA,RFn,TA,TA,Y,NA,NA,7,5
IR1,Gtl,Ex,TA,Ex,TA,Gd,GLQ,Unf,Ex,Ex,Typ,Gd,RFn,TA,TA,Y,NA,NA,10,5
Reg,Gtl,TA,Gd,TA,Gd,No,GLQ,Unf,Ex,TA,Typ,NA,Fin,TA,TA,Y,NA,NA,5,8
Reg,Gtl,Gd,TA,Gd,TA,Av,GLQ,Unf,Ex,Gd,Typ,NA,Fin,TA,TA,Y,NA,NA,6,5
IR1,Gtl,TA,TA,Gd,TA,No,Unf,Unf,TA,TA,Typ,NA,Unf,TA,TA,Y,NA,MnPrv,5,6
IR1,Gtl,Gd,TA,Gd,TA,Gd,GLQ,Unf,Ex,Gd,Typ,TA,Fin,TA,TA,Y,NA,NA,8,5
Reg,Gtl,TA,TA,TA,TA,No,Unf,Unf,Ex,TA,Typ,NA,Unf,TA,Fa,N,NA,NA,6,7
Reg,Gtl,Gd,TA,Ex,TA,Av,Unf,Unf,Ex,Gd,Typ,Gd,Fin,TA,TA,Y,NA,NA,7,5
Reg,Gtl,TA,TA,Gd,TA,Mn,ALQ,LwQ,Ex,Gd,Typ,TA,Fin,TA,TA,Y,NA,NA,5,6
Reg,Gtl,TA,Gd,Gd,TA,No,LwQ,GLQ,TA,TA,Typ,TA,Fin,TA,TA,Y,NA,GdPrv,6,6
Reg,Gtl,Gd,TA,Gd,TA,Av,GLQ,Unf,Ex,Ex,Typ,Gd,Fin,TA,TA,Y,NA,NA,8,5
Reg,Gtl,TA,Gd,TA,TA,No,Unf,Unf,TA,Gd,Typ,Gd,Unf,TA,TA,P,NA,NA,6,6
IR1,Gtl,Gd,TA,Gd,TA,Mn,GLQ,Unf,Ex,Gd,Typ,TA,Fin,TA,TA,Y,NA,NA,8,5
Reg,Gtl,Gd,TA,Gd,TA,No,Unf,Unf,Ex,Gd,Typ,NA,RFn,TA,TA,Y,NA,NA,7,5
IR1,Gtl,Gd,TA,Gd,TA,Mn,GLQ,Unf,Ex,Gd,Typ,TA,RFn,TA,TA,Y,NA,NA,7,5
Reg,Gtl,TA,TA,TA,TA,No,BLQ,Unf,TA,TA,Typ,Fa,Unf,TA,TA,Y,NA,NA,7,6
IR2,Mod,TA,Gd,Gd,TA,No,GLQ,Unf,Gd,Gd,Typ,NA,Unf,TA,TA,Y,NA,GdPrv,5,5
Reg,Mod,TA,Gd,TA,Gd,No,GLQ,Unf,Ex,Ex,Typ,NA,Unf,TA,TA,Y,NA,NA,5,8
Reg,Mod,TA,TA,Gd,TA,Mn,BLQ,Unf,TA,TA,Typ,Gd,Unf,TA,TA,Y,NA,NA,8,6
Reg,Gtl,TA,Fa,TA,TA,Mn,Rec,Unf,Gd,TA,Typ,NA,Unf,TA,TA,Y,NA,NA,4,5
Reg,Gtl,Gd,TA,Ex,TA,Mn,GLQ,Unf,Ex,Ex,Typ,Ex,Fin,TA,TA,Y,NA,NA,9,5
IR1,Gtl,TA,TA,Gd,TA,Av,ALQ,Unf,TA,TA,Typ,TA,Unf,TA,TA,Y,NA,MnPrv,6,6
Reg,Gtl,Gd,TA,Gd,TA,Av,GLQ,Unf,Ex,Ex,Typ,TA,RFn,TA,TA,Y,NA,NA,8,5
Reg,Gtl,TA,TA,Gd,TA,No,ALQ,Unf,Ex,TA,Typ,NA,NA,NA,NA,Y,NA,NA,5,5
Reg,Gtl,TA,TA,Gd,TA,Av,LwQ,GLQ,Ex,TA,Typ,NA,NA,NA,NA,Y,NA,NA,4,6
Reg,Gtl,TA,Gd,TA,TA,Gd,GLQ,Unf,Ex,Gd,Typ,NA,RFn,TA,TA,Y,NA,MnPrv,6,7
IR1,Gtl,Gd,TA,Gd,TA,No,GLQ,Unf,Ex,Gd,Typ,Gd,Fin,TA,TA,Y,NA,NA,6,5
Reg,Mod,TA,TA,TA,TA,No,Unf,Unf,Gd,Gd,Typ,NA,Unf,TA,TA,Y,NA,NA,6,6
Reg,Gtl,Ex,TA,Ex,TA,Av,GLQ,Unf,Ex,Gd,Typ,Gd,Unf,TA,TA,Y,NA,NA,9,5
Reg,Gtl,Gd,TA,Gd,TA,Gd,GLQ,Unf,Ex,Gd,Typ,Gd,Fin,TA,TA,Y,NA,NA,8,5
Reg,Gtl,TA,TA,TA,TA,No,BLQ,Unf,TA,TA,Typ,NA,NA,NA,NA,N,NA,NA,3,3
Reg,Gtl,TA,TA,TA,TA,No,ALQ,Rec,TA,TA,Typ,TA,RFn,TA,TA,Y,NA,NA,6,7
Reg,Gtl,TA,TA,TA,TA,No,BLQ,Unf,TA,TA,Typ,NA,Unf,TA,TA,Y,NA,NA,5,6
Reg,Gtl,Gd,TA,Gd,TA,No,GLQ,Unf,Ex,Gd,Typ,TA,Unf,TA,TA,Y,NA,NA,6,5
Reg,Gtl,TA,TA,TA,TA,No,Rec,Unf,Gd,TA,Min2,TA,RFn,TA,TA,Y,NA,NA,6,5
IR1,Gtl,TA,TA,TA,TA,No,Unf,Unf,TA,TA,Typ,NA,Unf,TA,TA,Y,NA,NA,6,6
IR1,Gtl,TA,TA,TA,TA,No,Unf,Unf,TA,TA,Min1,TA,RFn,TA,TA,Y,NA,GdWo,5,5
Reg,Gtl,TA,TA,TA,TA,Av,BLQ,LwQ,Ex,TA,Typ,Gd,RFn,TA,TA,Y,NA,NA,6,6
IR1,Sev,TA,TA,Gd,TA,Av,Rec,Unf,TA,Fa,Typ,TA,Unf,TA,TA,Y,NA,NA,5,5
Reg,Gtl,TA,TA,TA,TA,Gd,GLQ,Rec,TA,TA,Typ,NA,RFn,TA,TA,Y,NA,GdPrv,6,5
Reg,Gtl,TA,TA,Fa,Fa,No,Unf,Unf,TA,Ex,Typ,NA,Unf,Fa,Po,N,NA,MnPrv,5,6
Reg,Gtl,Gd,TA,Gd,Gd,Mn,GLQ,Unf,Ex,Gd,Typ,Gd,RFn,TA,TA,Y,NA,NA,8,5
Reg,Gtl,TA,Gd,TA,TA,No,ALQ,Unf,TA,TA,Typ,TA,Fin,TA,TA,Y,NA,NA,7,5
Reg,Gtl,TA,TA,TA,TA,No,BLQ,LwQ,TA,TA,Typ,NA,Unf,TA,TA,Y,NA,NA,5,7
Reg,Gtl,TA,TA,TA,TA,No,GLQ,Unf,Gd,TA,Typ,NA,Unf,TA,TA,Y,NA,GdPrv,6,5
Reg,Gtl,Fa,TA,TA,Fa,No,LwQ,Unf,Ex,Fa,Typ,NA,NA,NA,NA,N,NA,NA,6,7
Reg,Gtl,Fa,Fa,TA,Fa,No,Unf,Unf,Fa,Fa,Maj1,Po,NA,NA,NA,N,NA,NA,2,3
Reg,Gtl,TA,TA,TA,TA,No,Unf,Unf,TA,Gd,Typ,NA,Unf,TA,TA,Y,NA,NA,5,4
Reg,Gtl,TA,TA,Fa,TA,No,Unf,Unf,Gd,TA,Typ,NA,NA,NA,NA,P,NA,MnPrv,5,7
Reg,Gtl,Gd,TA,Gd,Gd,Av,GLQ,Unf,Ex,Ex,Typ,Gd,Fin,TA,TA,Y,NA,NA,8,5
IR1,Gtl,Ex,TA,Ex,TA,Gd,GLQ,Unf,Ex,Ex,Typ,Gd,RFn,TA,TA,Y,NA,NA,8,5
Reg,Gtl,Gd,TA,Gd,TA,No,GLQ,Unf,Ex,Gd,Typ,TA,Fin,TA,TA,Y,NA,NA,7,5
Reg,Gtl,Gd,TA,Gd,TA,Gd,GLQ,Unf,Gd,Ex,Typ,TA,Fin,TA,TA,Y,NA,MnPrv,8,7
Reg,Gtl,TA,TA,TA,TA,No,Rec,BLQ,Ex,TA,Min1,NA,Fin,TA,TA,Y,NA,GdWo,5,5
Reg,Gtl,Ex,TA,Ex,TA,Mn,GLQ,Unf,Ex,Ex,Typ,Gd,Fin,TA,TA,Y,NA,NA,9,5
IR1,Gtl,TA,TA,TA,TA,No,ALQ,LwQ,TA,TA,Typ,NA,Unf,TA,TA,Y,NA,NA,6,5
Reg,Gtl,TA,TA,NA,NA,NA,NA,NA,Gd,TA,Min1,NA,Unf,TA,TA,Y,NA,NA,5,5
IR1,Gtl,TA,TA,TA,TA,Mn,Rec,Unf,Ex,TA,Typ,Gd,RFn,TA,TA,Y,NA,NA,6,5
Reg,Gtl,TA,TA,TA,TA,No,Unf,Unf,TA,TA,Typ,TA,Unf,TA,TA,Y,NA,NA,6,5
Reg,Gtl,TA,TA,Gd,TA,Av,BLQ,GLQ,Gd,TA,Typ,NA,NA,NA,NA,Y,NA,MnPrv,4,6
Reg,Gtl,Gd,TA,Gd,TA,No,Unf,Unf,Ex,Gd,Typ,NA,RFn,TA,TA,Y,NA,NA,7,6
Reg,Gtl,TA,TA,TA,TA,Mn,Unf,Unf,TA,TA,Typ,Gd,Unf,Fa,Po,P,NA,MnPrv,4,5
Reg,Gtl,Gd,TA,Gd,TA,No,Unf,Unf,Ex,Gd,Typ,TA,RFn,TA,TA,Y,NA,NA,7,5
Reg,Gtl,TA,TA,TA,TA,No,Unf,Unf,Ex,TA,Typ,NA,Unf,TA,TA,Y,NA,MnPrv,6,7
IR1,Gtl,Gd,Gd,Gd,TA,Gd,GLQ,Unf,Ex,Gd,Typ,TA,Fin,TA,TA,Y,NA,NA,8,6
Reg,Gtl,TA,TA,TA,TA,No,Unf,Unf,TA,TA,Typ,NA,Unf,TA,TA,Y,NA,NA,6,5
IR1,Gtl,Gd,TA,TA,TA,No,ALQ,Unf,Ex,Gd,Typ,NA,RFn,TA,TA,Y,NA,MnPrv,5,7
Reg,Mod,TA,Fa,Gd,TA,No,Unf,Unf,TA,TA,Typ,Gd,RFn,TA,TA,P,NA,MnPrv,7,6
Reg,Gtl,TA,TA,TA,TA,No,Unf,Unf,TA,TA,Typ,Gd,Unf,TA,TA,Y,NA,NA,6,5
Reg,Gtl,TA,Gd,TA,TA,No,BLQ,Unf,Ex,TA,Typ,NA,Fin,TA,TA,Y,NA,MnPrv,5,7
Reg,Gtl,TA,TA,Gd,TA,No,Unf,Unf,TA,TA,Typ,TA,RFn,TA,TA,Y,NA,NA,7,7
IR2,Gtl,Gd,TA,Gd,Gd,No,GLQ,Rec,Ex,Gd,Typ,TA,RFn,TA,TA,Y,NA,NA,8,7
Reg,Gtl,TA,TA,Fa,Fa,No,Unf,Unf,Gd,TA,Maj2,TA,RFn,TA,TA,Y,NA,NA,6,3
Reg,Gtl,TA,TA,Gd,TA,Av,BLQ,Rec,TA,TA,Typ,NA,RFn,TA,TA,Y,NA,MnPrv,4,5
IR2,Gtl,Gd,TA,Ex,TA,Mn,GLQ,Unf,Ex,Ex,Typ,Ex,Fin,TA,TA,Y,NA,NA,8,5
IR1,Gtl,Gd,TA,Gd,TA,No,Unf,Unf,Ex,Gd,Typ,TA,RFn,TA,TA,Y,NA,NA,8,5
IR1,Gtl,TA,Gd,Gd,TA,No,LwQ,Rec,TA,TA,Sev,Po,Unf,TA,TA,Y,NA,NA,6,5
Reg,Gtl,TA,TA,Gd,TA,No,GLQ,Unf,Ex,Gd,Typ,Fa,RFn,TA,TA,Y,NA,NA,6,5
Reg,Mod,TA,TA,TA,TA,No,Rec,Unf,Gd,TA,Min2,TA,Unf,TA,TA,Y,NA,NA,5,6
Reg,Gtl,TA,TA,Fa,TA,No,Unf,Unf,Ex,Fa,Typ,Gd,Unf,TA,Fa,Y,NA,NA,4,5
Reg,Gtl,Gd,TA,Gd,TA,No,GLQ,Unf,Ex,Gd,Typ,NA,Fin,TA,TA,Y,NA,NA,6,5
Reg,Gtl,TA,Gd,TA,TA,No,BLQ,Unf,TA,TA,Typ,NA,Unf,TA,TA,Y,NA,NA,6,6
IR1,Gtl,Gd,TA,Gd,TA,No,ALQ,Unf,TA,TA,Typ,TA,RFn,TA,TA,Y,NA,NA,6,6
Reg,Gtl,TA,TA,TA,TA,No,GLQ,Unf,Ex,Gd,Typ,TA,Fin,TA,TA,Y,NA,NA,6,7
Reg,Gtl,TA,TA,TA,TA,No,Rec,Unf,TA,TA,Typ,Gd,RFn,TA,TA,Y,NA,NA,6,6
Reg,Gtl,TA,TA,TA,TA,No,ALQ,Unf,TA,TA,Typ,TA,Unf,TA,TA,Y,NA,NA,6,6
Reg,Gtl,TA,TA,TA,Fa,No,Unf,Unf,Fa,TA,Min2,NA,Unf,Fa,Fa,N,NA,NA,4,2
Reg,Gtl,Gd,TA,TA,TA,No,Unf,Unf,Ex,Gd,Typ,NA,Unf,Fa,Fa,N,NA,NA,5,8
IR1,Gtl,Gd,TA,Ex,TA,Mn,Unf,Unf,Ex,Gd,Typ,Gd,Fin,TA,TA,Y,NA,NA,8,5
IR1,Gtl,TA,TA,TA,TA,No,Rec,Unf,TA,TA,Typ,NA,Unf,TA,TA,Y,NA,NA,5,5
Reg,Gtl,TA,TA,Gd,TA,No,BLQ,BLQ,TA,TA,Typ,TA,RFn,TA,TA,Y,NA,NA,6,5
IR2,Gtl,TA,TA,TA,TA,No,Rec,Unf,Ex,TA,Typ,NA,Unf,TA,TA,Y,NA,NA,5,5
Reg,Gtl,TA,TA,Gd,TA,Mn,GLQ,Unf,Ex,Gd,Typ,Gd,Unf,TA,TA,Y,NA,NA,6,5
IR1,Gtl,Gd,TA,Gd,TA,Av,GLQ,Unf,Ex,Gd,Typ,TA,Fin,TA,TA,Y,NA,NA,9,5
IR2,Gtl,Gd,TA,Gd,TA,No,Unf,Unf,Gd,TA,Typ,NA,Fin,TA,TA,Y,NA,NA,7,5
IR1,Gtl,Gd,TA,Gd,TA,Mn,GLQ,LwQ,Gd,Gd,Min1,TA,Fin,TA,TA,Y,NA,NA,7,5
Reg,Gtl,Gd,TA,Gd,TA,No,Unf,Unf,Ex,Gd,Typ,NA,Fin,TA,TA,Y,NA,NA,7,6
IR2,Gtl,Gd,TA,Gd,TA,No,GLQ,Unf,Ex,Gd,Typ,NA,Unf,TA,TA,Y,NA,NA,7,5
Reg,Gtl,Gd,TA,Gd,TA,Av,GLQ,Unf,Ex,Gd,Typ,Gd,RFn,TA,TA,Y,NA,NA,8,6
IR1,Gtl,Gd,TA,Gd,TA,Av,ALQ,Unf,Ex,Gd,Typ,Gd,RFn,TA,TA,Y,NA,NA,6,5
Reg,Gtl,Gd,TA,Gd,TA,Gd,GLQ,Unf,Ex,Gd,Typ,TA,RFn,TA,TA,Y,NA,NA,6,5
IR1,Gtl,Ex,TA,Ex,TA,Gd,GLQ,Unf,Ex,Ex,Typ,Ex,Fin,TA,TA,Y,NA,NA,10,6
IR1,Mod,Gd,TA,Gd,TA,Gd,GLQ,Unf,Ex,Gd,Typ,Gd,RFn,TA,TA,Y,NA,NA,7,5
Reg,Sev,TA,TA,TA,TA,No,Unf,Unf,Ex,TA,Typ,NA,Unf,TA,TA,Y,NA,NA,5,6
Reg,Gtl,TA,Fa,TA,TA,No,Unf,Unf,TA,TA,Typ,NA,Unf,TA,TA,Y,NA,MnPrv,5,6
IR1,Gtl,TA,TA,Gd,Gd,No,GLQ,LwQ,Gd,Gd,Typ,TA,Unf,TA,TA,Y,NA,NA,6,6
Reg,Gtl,TA,TA,TA,TA,No,LwQ,Unf,Gd,TA,Typ,NA,Unf,TA,TA,Y,NA,NA,5,7
IR1,Gtl,TA,TA,Ex,Gd,Mn,LwQ,ALQ,Fa,TA,Typ,NA,Unf,TA,TA,Y,NA,NA,5,7
Reg,Gtl,TA,Gd,TA,TA,No,GLQ,BLQ,Ex,TA,Typ,Gd,Unf,TA,TA,Y,NA,MnPrv,5,8
IR2,Gtl,Gd,TA,Gd,TA,Mn,GLQ,Unf,Ex,Gd,Typ,NA,RFn,TA,TA,Y,NA,NA,7,5
Reg,Gtl,Gd,TA,Ex,TA,Gd,GLQ,Unf,Ex,Gd,Typ,Gd,Fin,TA,TA,Y,NA,NA,8,5
Reg,Gtl,TA,TA,TA,TA,No,Unf,Unf,TA,TA,Typ,NA,Unf,TA,TA,Y,NA,NA,7,5
IR1,Gtl,Ex,TA,Ex,Gd,No,Unf,Unf,Ex,Ex,Typ,Gd,Fin,TA,TA,Y,NA,NA,8,5
Reg,Gtl,TA,Gd,Gd,TA,No,Unf,Unf,Gd,Gd,Typ,Po,Unf,TA,TA,N,NA,MnPrv,5,9
Reg,Gtl,Gd,TA,Gd,TA,Av,GLQ,Unf,Ex,Gd,Typ,NA,RFn,TA,TA,Y,NA,NA,7,5
Reg,Gtl,Fa,Fa,NA,NA,NA,NA,NA,Fa,Fa,Mod,NA,NA,NA,NA,N,NA,NA,4,5
IR2,Sev,TA,TA,Gd,TA,Gd,GLQ,Unf,TA,Gd,Typ,TA,Unf,TA,TA,Y,NA,NA,7,5
Reg,Gtl,Gd,TA,Gd,TA,No,GLQ,Unf,Ex,Gd,Typ,Gd,Fin,TA,TA,Y,NA,NA,8,5
IR1,Gtl,Gd,TA,Gd,TA,Av,Unf,Unf,Ex,Gd,Typ,Gd,Fin,TA,TA,Y,NA,NA,7,5
IR1,Gtl,TA,TA,TA,TA,No,Unf,Unf,TA,TA,Typ,NA,Unf,TA,TA,Y,NA,MnPrv,5,7
IR1,Gtl,Gd,TA,TA,TA,No,Unf,Unf,Gd,TA,Maj2,NA,NA,NA,NA,N,NA,NA,3,6
Reg,Mod,TA,TA,TA,TA,Mn,Unf,Unf,Gd,TA,Typ,NA,RFn,TA,TA,N,NA,NA,4,7
IR1,Gtl,Gd,TA,Gd,TA,Mn,GLQ,Unf,Gd,Gd,Typ,Gd,Fin,TA,TA,Y,NA,NA,8,5
Reg,Gtl,TA,TA,TA,TA,Av,ALQ,Unf,TA,TA,Typ,NA,Unf,TA,TA,Y,NA,NA,4,5
IR1,Gtl,Gd,TA,TA,TA,No,GLQ,Unf,Ex,Gd,Typ,NA,RFn,TA,TA,Y,NA,NA,6,8
Reg,Gtl,TA,TA,Gd,TA,No,Unf,Unf,TA,TA,Typ,TA,RFn,TA,TA,Y,NA,MnPrv,6,5
Reg,Gtl,TA,Gd,TA,TA,No,Unf,Unf,Ex,TA,Typ,NA,Unf,TA,TA,P,NA,NA,7,8
Reg,Gtl,TA,TA,Gd,TA,No,BLQ,Unf,Gd,Gd,Typ,Fa,Unf,TA,TA,Y,NA,MnPrv,5,6
Reg,Gtl,Gd,TA,Gd,TA,Gd,GLQ,Unf,Ex,Gd,Typ,TA,RFn,TA,TA,Y,NA,NA,7,5
IR1,Gtl,TA,TA,Gd,TA,Gd,ALQ,Unf,TA,TA,Typ,Po,Unf,TA,TA,Y,NA,NA,5,6
IR1,Mod,Gd,TA,Gd,TA,Gd,GLQ,Unf,TA,Gd,Typ,TA,RFn,TA,TA,Y,NA,NA,8,5
Reg,Gtl,Gd,TA,Gd,TA,Av,GLQ,Unf,Ex,Gd,Typ,NA,RFn,TA,TA,Y,NA,NA,6,5
Reg,Gtl,TA,Gd,TA,TA,No,ALQ,Unf,Ex,TA,Typ,NA,Unf,TA,TA,Y,NA,NA,4,7
Reg,Gtl,TA,TA,TA,TA,No,Unf,Unf,Ex,TA,Typ,NA,Unf,TA,TA,Y,NA,NA,4,6
IR1,Gtl,Ex,TA,Ex,TA,No,GLQ,Unf,Ex,Ex,Typ,Gd,Fin,TA,TA,Y,NA,NA,9,5
Reg,Gtl,TA,TA,TA,TA,No,ALQ,BLQ,TA,Gd,Typ,NA,Unf,TA,TA,Y,NA,NA,4,6
IR1,Gtl,Gd,Gd,Gd,TA,No,GLQ,Unf,Ex,Gd,Typ,Gd,Fin,TA,TA,Y,NA,NA,6,9
Reg,Gtl,Gd,TA,Gd,TA,Av,GLQ,Unf,Ex,Gd,Typ,NA,RFn,TA,TA,Y,NA,NA,7,5
Reg,Gtl,TA,TA,TA,TA,No,Unf,Unf,TA,TA,Typ,NA,Unf,TA,TA,Y,NA,NA,5,5
Reg,Gtl,TA,TA,TA,TA,No,BLQ,Unf,TA,TA,Typ,NA,Unf,TA,TA,Y,NA,NA,4,5
IR1,Gtl,Gd,TA,Gd,TA,No,GLQ,Unf,Ex,Gd,Typ,TA,RFn,TA,TA,Y,NA,NA,8,5
IR1,Gtl,Gd,TA,Ex,TA,Av,GLQ,Unf,Ex,Gd,Typ,Gd,Fin,TA,TA,Y,NA,NA,7,5
IR1,Gtl,Gd,TA,Gd,TA,Av,ALQ,Unf,Ex,Gd,Typ,TA,Fin,TA,TA,Y,NA,NA,7,5
Reg,Gtl,TA,TA,TA,TA,No,BLQ,Unf,Ex,TA,Typ,TA,RFn,TA,TA,Y,NA,GdWo,5,6
IR1,Gtl,TA,TA,TA,TA,No,Unf,Unf,TA,TA,Typ,NA,Unf,TA,TA,Y,NA,NA,5,5
Reg,Gtl,TA,TA,Gd,TA,Mn,Rec,Unf,Fa,TA,Typ,TA,Unf,TA,TA,N,NA,NA,7,7
Reg,Gtl,TA,TA,NA,NA,NA,NA,NA,Gd,TA,Typ,NA,Unf,TA,TA,Y,NA,NA,3,4
IR1,Gtl,Gd,TA,Gd,TA,No,Unf,Unf,Ex,Gd,Typ,Gd,Fin,TA,TA,Y,NA,NA,8,5
Reg,Gtl,TA,TA,Gd,Gd,Gd,GLQ,Unf,TA,TA,Typ,NA,NA,NA,NA,Y,NA,NA,5,5
IR1,Gtl,Gd,TA,Gd,TA,No,Unf,Unf,Ex,Gd,Typ,NA,RFn,TA,TA,Y,NA,NA,7,5
Reg,Gtl,TA,Gd,Fa,Fa,No,Unf,Unf,Ex,TA,Typ,NA,Unf,TA,Gd,Y,NA,GdPrv,5,7
IR1,Gtl,TA,Gd,TA,TA,Mn,GLQ,Unf,Gd,Gd,Typ,NA,Unf,TA,TA,Y,NA,GdPrv,6,8
Reg,Gtl,TA,TA,Gd,TA,No,Unf,Unf,Ex,TA,Typ,NA,Unf,TA,TA,Y,NA,GdPrv,7,5
IR1,Gtl,TA,TA,Gd,TA,Av,ALQ,Unf,Ex,TA,Min2,TA,RFn,TA,TA,Y,NA,NA,5,6
IR1,Gtl,Gd,TA,Gd,TA,No,GLQ,Unf,Gd,Gd,Typ,TA,RFn,TA,TA,Y,NA,NA,8,5
IR1,Gtl,Ex,Gd,TA,Gd,No,GLQ,ALQ,Ex,Gd,Typ,TA,Fin,TA,TA,Y,NA,NA,8,9
IR1,Gtl,Gd,TA,Gd,TA,No,GLQ,Unf,Ex,Gd,Typ,TA,Fin,TA,TA,Y,NA,NA,7,5
IR1,Gtl,Gd,TA,TA,Fa,No,Unf,Unf,TA,Gd,Typ,Gd,Unf,TA,TA,N,NA,NA,7,7
IR1,Gtl,Gd,TA,Gd,TA,No,GLQ,Unf,Ex,Gd,Typ,TA,Fin,TA,TA,Y,NA,NA,7,5
Reg,Gtl,TA,TA,NA,NA,NA,NA,NA,TA,TA,Mod,NA,Unf,TA,TA,N,NA,NA,4,3
Reg,Gtl,TA,TA,TA,Fa,No,Unf,Unf,Gd,TA,Min2,NA,NA,NA,NA,N,NA,NA,4,7
Reg,Gtl,Gd,TA,Gd,TA,No,Unf,Unf,Ex,Gd,Typ,NA,Fin,TA,TA,Y,NA,NA,7,5
IR1,Gtl,TA,Gd,Gd,TA,Gd,GLQ,Unf,Ex,Gd,Typ,NA,RFn,TA,TA,Y,NA,NA,6,5
Reg,Gtl,Gd,TA,Gd,TA,Mn,Unf,Unf,Gd,Ex,Typ,Gd,RFn,TA,TA,Y,NA,NA,8,5
Reg,Gtl,TA,TA,TA,TA,No,GLQ,LwQ,Gd,Gd,Typ,NA,RFn,TA,TA,Y,NA,NA,6,8
Reg,Gtl,TA,TA,Gd,TA,No,GLQ,Unf,Gd,TA,Typ,NA,Unf,TA,TA,Y,NA,NA,6,5
IR1,Gtl,Gd,TA,Gd,TA,Av,GLQ,Unf,Ex,Gd,Typ,NA,RFn,TA,TA,Y,NA,NA,8,5
IR1,Gtl,TA,TA,TA,TA,Mn,Rec,Unf,TA,TA,Typ,TA,Fin,TA,TA,Y,NA,GdPrv,6,5
Reg,Gtl,TA,TA,Gd,TA,No,ALQ,Unf,Gd,TA,Typ,NA,Unf,TA,TA,Y,NA,NA,7,5
IR1,Gtl,Gd,TA,Gd,TA,Av,LwQ,ALQ,Ex,Gd,Typ,TA,RFn,TA,TA,Y,NA,NA,8,5
Reg,Gtl,TA,TA,TA,TA,No,Rec,Unf,Ex,TA,Typ,NA,Unf,Ex,Ex,Y,NA,NA,6,6
Reg,Gtl,TA,TA,TA,TA,Mn,LwQ,Unf,TA,Fa,Min1,NA,Unf,TA,TA,Y,NA,NA,5,5
Reg,Gtl,TA,TA,Gd,TA,Mn,GLQ,Unf,Ex,Gd,Typ,NA,Unf,TA,TA,Y,NA,NA,7,5
Reg,Gtl,Gd,TA,Gd,TA,Mn,GLQ,Unf,Ex,Gd,Typ,Gd,RFn,TA,TA,Y,NA,NA,8,5
IR1,Gtl,Gd,Gd,Gd,Gd,Av,LwQ,GLQ,Ex,Ex,Typ,Gd,Fin,TA,TA,Y,NA,NA,8,5
IR1,Gtl,Gd,TA,Gd,TA,No,Unf,Unf,Ex,Ex,Typ,Gd,Fin,TA,TA,Y,NA,NA,9,5
Reg,Gtl,TA,TA,Gd,TA,No,GLQ,Unf,TA,TA,Typ,TA,Unf,TA,TA,Y,NA,MnPrv,7,5
IR1,Gtl,TA,TA,Gd,TA,Mn,ALQ,Unf,Ex,TA,Mod,NA,Unf,TA,TA,Y,NA,NA,6,7
Reg,Gtl,Gd,TA,Gd,TA,No,GLQ,Unf,Ex,Gd,Typ,Gd,Fin,TA,TA,Y,NA,NA,7,5
IR2,Mod,Ex,TA,Gd,TA,Gd,ALQ,Unf,Ex,Ex,Mod,Gd,Fin,TA,TA,Y,NA,NA,8,5
IR1,Gtl,TA,TA,Gd,TA,Av,GLQ,Unf,TA,TA,Typ,NA,Unf,TA,TA,Y,NA,NA,5,5
Reg,Gtl,TA,TA,Fa,Fa,No,LwQ,Unf,TA,TA,Typ,NA,Unf,TA,TA,Y,NA,NA,4,5
Reg,Gtl,TA,TA,TA,TA,Av,ALQ,BLQ,TA,TA,Typ,TA,Unf,TA,TA,Y,NA,MnPrv,6,5
Reg,Gtl,TA,TA,TA,TA,No,Rec,Unf,Ex,TA,Typ,NA,RFn,TA,TA,Y,NA,NA,5,5
Reg,Gtl,Gd,TA,Gd,TA,Av,Unf,Unf,Gd,Gd,Typ,Gd,Fin,TA,TA,Y,NA,NA,8,5
Reg,Gtl,TA,TA,Ex,TA,No,GLQ,Unf,Ex,TA,Typ,NA,Fin,TA,TA,Y,NA,NA,6,5
IR1,Gtl,Gd,TA,Gd,TA,Av,GLQ,Unf,Ex,Gd,Typ,NA,RFn,TA,TA,Y,NA,NA,7,5
IR1,Gtl,TA,TA,TA,TA,No,ALQ,Unf,TA,TA,Typ,Fa,Unf,TA,TA,Y,NA,MnPrv,5,5
Reg,Gtl,TA,TA,NA,NA,NA,NA,NA,TA,TA,Typ,TA,Unf,TA,TA,Y,NA,NA,5,5
Reg,Gtl,TA,TA,Gd,TA,Gd,GLQ,Unf,TA,TA,Typ,NA,Unf,TA,TA,Y,NA,NA,6,5
Reg,Gtl,TA,TA,Gd,Gd,No,Unf,Unf,Gd,TA,Typ,TA,Fin,TA,TA,Y,NA,NA,7,5
Reg,Gtl,Gd,Gd,Gd,TA,No,ALQ,Unf,Ex,Gd,Typ,NA,RFn,TA,TA,Y,NA,NA,6,5
IR2,Gtl,Gd,TA,Gd,TA,No,Unf,Unf,Ex,Gd,Typ,NA,RFn,TA,TA,Y,NA,NA,7,5
IR1,Gtl,TA,Gd,Gd,TA,Av,GLQ,Unf,Ex,Gd,Typ,TA,Fin,TA,TA,Y,NA,NA,5,6
Reg,Gtl,TA,TA,TA,TA,No,Unf,Unf,Ex,TA,Typ,Gd,NA,NA,NA,Y,NA,NA,6,6
Reg,Gtl,TA,TA,TA,TA,No,Rec,LwQ,TA,TA,Typ,Gd,Unf,TA,TA,Y,NA,NA,6,5
Reg,Gtl,TA,Gd,Fa,TA,No,LwQ,Unf,TA,TA,Typ,NA,Unf,TA,TA,Y,NA,NA,5,6
IR1,Gtl,Gd,TA,Gd,TA,No,GLQ,Unf,Ex,Gd,Typ,NA,RFn,TA,TA,Y,NA,NA,7,5
Reg,Gtl,TA,TA,TA,TA,No,Unf,Unf,Ex,TA,Typ,NA,Unf,Fa,TA,Y,NA,NA,4,7
IR1,Gtl,TA,TA,TA,Fa,Gd,LwQ,Unf,Gd,Gd,Typ,NA,Fin,TA,TA,Y,NA,NA,6,8
Reg,Gtl,Gd,TA,Gd,TA,No,GLQ,Unf,Ex,Gd,Typ,Gd,Fin,TA,TA,Y,NA,NA,7,5
IR1,Gtl,TA,TA,Gd,TA,Av,ALQ,Unf,TA,TA,Typ,TA,RFn,TA,TA,Y,NA,NA,6,5
IR1,Gtl,Gd,TA,Gd,TA,Av,GLQ,Unf,Ex,TA,Typ,TA,Unf,TA,TA,Y,NA,NA,7,5
Reg,Gtl,Gd,TA,Gd,TA,Av,Unf,Unf,Ex,Gd,Typ,NA,Fin,TA,TA,Y,NA,NA,8,5
IR1,Gtl,Gd,TA,Gd,TA,No,Unf,Unf,Ex,Gd,Typ,TA,Fin,TA,TA,Y,NA,NA,7,5
Reg,Gtl,TA,TA,Gd,TA,No,Unf,Unf,TA,TA,Typ,TA,Unf,TA,TA,Y,NA,MnPrv,6,6
Reg,Gtl,TA,TA,TA,TA,No,Unf,Unf,Ex,TA,Typ,TA,RFn,TA,TA,Y,NA,MnPrv,6,5
Reg,Gtl,TA,TA,TA,TA,No,BLQ,Unf,Gd,TA,Typ,NA,Unf,TA,TA,Y,NA,NA,5,5
Reg,Gtl,Ex,TA,Ex,TA,No,Unf,Unf,Ex,Ex,Typ,Gd,Fin,TA,TA,Y,NA,NA,9,5
Reg,Gtl,TA,TA,Gd,TA,No,ALQ,Unf,Ex,Gd,Typ,TA,Unf,TA,TA,Y,NA,MnPrv,5,7
IR1,Mod,TA,TA,Gd,TA,Gd,GLQ,Unf,Gd,Gd,Typ,NA,RFn,TA,TA,Y,NA,NA,6,5
Reg,Gtl,TA,TA,TA,TA,No,LwQ,Unf,Ex,TA,Typ,NA,Unf,TA,TA,Y,NA,NA,4,7
Reg,Gtl,Gd,TA,Gd,TA,Av,GLQ,Unf,Ex,Gd,Typ,Gd,Fin,TA,TA,Y,NA,NA,7,5
Reg,Gtl,Ex,TA,Ex,TA,Gd,Unf,Unf,Ex,Ex,Typ,Gd,RFn,TA,TA,Y,NA,NA,9,5
Reg,Gtl,TA,TA,TA,TA,No,LwQ,Unf,TA,TA,Min1,NA,Unf,TA,TA,Y,NA,GdWo,5,5
IR1,Gtl,Gd,TA,Gd,TA,No,Unf,Unf,Ex,Ex,Typ,NA,RFn,TA,TA,Y,NA,NA,7,5
Reg,Gtl,TA,TA,TA,TA,Av,ALQ,Rec,Gd,TA,Typ,NA,Fin,TA,TA,Y,NA,NA,5,5
Reg,Gtl,TA,TA,TA,TA,Gd,GLQ,Unf,Ex,Gd,Typ,TA,RFn,TA,TA,Y,NA,NA,5,6
Reg,Gtl,TA,TA,TA,TA,Av,ALQ,BLQ,TA,TA,Typ,Gd,RFn,TA,TA,Y,NA,GdWo,5,5
Reg,Gtl,TA,TA,TA,TA,No,Unf,Unf,TA,TA,Typ,NA,Unf,Fa,Po,N,NA,MnPrv,5,5
Reg,Gtl,TA,TA,TA,TA,No,ALQ,LwQ,Fa,Gd,Typ,Fa,RFn,TA,TA,Y,Fa,GdPrv,6,6
Reg,Gtl,Gd,TA,Gd,TA,Gd,GLQ,Unf,Ex,Gd,Typ,Gd,Fin,TA,TA,Y,NA,NA,6,5
Reg,Mod,Fa,TA,TA,TA,Av,Unf,Unf,TA,Fa,Typ,NA,Unf,TA,TA,N,NA,NA,5,5
Reg,Gtl,TA,TA,TA,TA,No,Rec,Unf,Gd,TA,Typ,NA,RFn,TA,TA,Y,NA,NA,6,6
Reg,Gtl,TA,TA,TA,TA,No,Unf,Unf,Gd,Fa,Typ,NA,Unf,TA,TA,P,NA,NA,5,7
IR2,Gtl,TA,TA,Gd,TA,No,Unf,Unf,Ex,Gd,Typ,NA,RFn,TA,TA,Y,NA,NA,7,5
IR1,Gtl,TA,TA,TA,TA,No,BLQ,Unf,Gd,TA,Typ,Gd,RFn,TA,TA,Y,NA,NA,5,6
IR1,Gtl,Gd,TA,Gd,TA,No,GLQ,Unf,Ex,Gd,Typ,Gd,RFn,TA,TA,Y,NA,NA,8,5
Reg,Gtl,TA,TA,TA,TA,Av,GLQ,Unf,Gd,TA,Typ,NA,Unf,TA,TA,Y,NA,MnPrv,6,7
IR1,Gtl,Gd,TA,Gd,TA,Mn,GLQ,Unf,Ex,Gd,Typ,Gd,RFn,TA,TA,Y,NA,NA,7,5
IR1,Gtl,Gd,TA,Gd,TA,No,Unf,Unf,Ex,Gd,Typ,NA,RFn,TA,TA,Y,NA,NA,7,5
Reg,Mod,Fa,TA,Fa,TA,No,Unf,Unf,TA,TA,Min2,NA,Unf,TA,TA,Y,NA,NA,4,4
IR1,Gtl,Gd,TA,Gd,TA,Gd,Unf,Unf,Ex,Gd,Typ,Gd,Fin,TA,TA,Y,NA,NA,7,5
Reg,Gtl,TA,TA,TA,TA,No,Unf,Unf,TA,TA,Typ,Gd,Unf,TA,TA,Y,NA,GdWo,6,7
Reg,Gtl,Gd,TA,Gd,Gd,No,Unf,Unf,Ex,Gd,Typ,Gd,RFn,TA,TA,Y,NA,NA,8,5
Reg,Gtl,Ex,TA,Ex,TA,Av,GLQ,Unf,Ex,Ex,Typ,Gd,Fin,TA,TA,Y,NA,NA,10,5
Reg,Gtl,TA,TA,TA,TA,No,ALQ,Unf,Gd,Gd,Typ,NA,NA,NA,NA,Y,NA,NA,5,6
IR1,Gtl,Gd,TA,Gd,TA,No,GLQ,Unf,Ex,Gd,Typ,TA,RFn,TA,TA,Y,NA,NA,7,5
IR2,Sev,TA,TA,TA,Gd,Gd,LwQ,ALQ,TA,TA,Min2,NA,Fin,TA,TA,Y,NA,NA,5,5
Reg,Gtl,Gd,TA,Gd,TA,No,Unf,Unf,Ex,Gd,Typ,NA,RFn,TA,TA,Y,NA,NA,7,5
IR1,Gtl,TA,TA,TA,TA,No,Rec,Unf,TA,TA,Typ,Gd,RFn,TA,TA,Y,NA,NA,6,5
Reg,Gtl,TA,TA,Gd,TA,No,Unf,Unf,Ex,Gd,Typ,NA,RFn,TA,TA,Y,NA,NA,7,5
IR1,Gtl,Gd,TA,Gd,TA,No,GLQ,Unf,Ex,Gd,Typ,TA,RFn,TA,TA,Y,NA,NA,7,6
Reg,Gtl,TA,TA,TA,TA,No,Rec,BLQ,TA,TA,Typ,NA,RFn,TA,TA,Y,NA,NA,6,6
Reg,Gtl,TA,TA,TA,TA,No,Rec,Unf,Gd,TA,Typ,NA,Unf,TA,TA,Y,NA,GdWo,5,6
Reg,Gtl,TA,TA,Gd,TA,No,BLQ,Unf,TA,Gd,Min2,NA,Unf,TA,TA,Y,NA,NA,4,7
Reg,Gtl,TA,TA,TA,TA,No,Rec,Unf,Gd,TA,Min2,NA,Unf,TA,TA,Y,NA,GdWo,5,6
Reg,Gtl,TA,TA,TA,TA,No,BLQ,Unf,TA,TA,Typ,NA,Unf,TA,TA,Y,NA,NA,6,5
Reg,Gtl,TA,TA,Gd,TA,No,Unf,Unf,Ex,Gd,Typ,NA,Unf,TA,TA,Y,NA,NA,5,6
Reg,Gtl,TA,TA,TA,TA,No,BLQ,Unf,Ex,TA,Typ,NA,Unf,TA,TA,Y,NA,NA,5,6
IR1,Gtl,TA,TA,TA,TA,No,BLQ,Unf,TA,Fa,Typ,NA,Unf,TA,TA,P,NA,NA,6,8
Reg,Gtl,TA,TA,TA,TA,No,Unf,Unf,Gd,Gd,Typ,Po,Unf,Gd,TA,P,NA,NA,5,8
Reg,Gtl,TA,TA,TA,TA,Gd,Rec,ALQ,TA,TA,Typ,NA,RFn,Gd,Gd,Y,NA,GdPrv,6,7
Reg,Gtl,TA,TA,TA,TA,No,Unf,Unf,Ex,TA,Typ,NA,NA,NA,NA,Y,NA,NA,5,4
IR1,Gtl,TA,TA,TA,TA,Mn,Unf,Unf,Gd,TA,Typ,Gd,Unf,TA,TA,Y,NA,NA,5,8
IR1,Gtl,TA,TA,Gd,TA,Gd,ALQ,Unf,TA,TA,Min2,TA,Fin,TA,TA,Y,NA,NA,5,5
Reg,Gtl,Gd,TA,Gd,TA,No,ALQ,Unf,Ex,Gd,Typ,TA,Unf,TA,TA,Y,NA,NA,7,5
IR1,Gtl,TA,TA,TA,TA,Av,BLQ,Unf,Ex,TA,Typ,Fa,Unf,TA,TA,Y,NA,NA,5,6
IR2,Gtl,TA,TA,TA,TA,No,Unf,Unf,TA,TA,Typ,Gd,Unf,Fa,TA,Y,NA,NA,6,8
Reg,Gtl,Gd,Gd,TA,TA,No,Unf,Unf,Ex,TA,Typ,TA,RFn,TA,TA,Y,NA,NA,6,7
Reg,Gtl,Gd,TA,Gd,TA,Av,GLQ,Unf,Ex,Gd,Typ,NA,Fin,TA,TA,Y,NA,NA,6,5
Reg,Gtl,Gd,TA,Gd,TA,Gd,Unf,Unf,Ex,Gd,Typ,TA,Fin,TA,TA,Y,NA,NA,8,5
Reg,Gtl,TA,Gd,TA,TA,No,Rec,Unf,Gd,TA,Typ,Gd,Unf,TA,TA,Y,NA,MnPrv,7,5
IR1,Gtl,TA,Gd,TA,TA,Gd,Rec,Unf,TA,TA,Typ,Fa,RFn,TA,TA,Y,NA,MnPrv,6,6
Reg,Gtl,TA,TA,TA,TA,Mn,ALQ,Rec,TA,TA,Typ,Gd,Unf,TA,TA,Y,NA,NA,5,4
IR1,Gtl,TA,Gd,TA,TA,No,ALQ,Unf,Ex,TA,Typ,NA,Unf,TA,TA,Y,NA,NA,5,8
IR1,Mod,TA,TA,Gd,Gd,Gd,GLQ,LwQ,TA,TA,Typ,NA,Unf,TA,Fa,Y,NA,MnPrv,6,6
Reg,Gtl,TA,TA,Gd,TA,No,Unf,Unf,Gd,TA,Typ,TA,Fin,TA,TA,Y,NA,NA,6,5
Reg,Gtl,TA,TA,Gd,TA,No,Unf,Unf,TA,TA,Typ,TA,RFn,TA,TA,Y,NA,MnPrv,7,5
IR1,Gtl,TA,TA,TA,TA,Mn,BLQ,Unf,TA,Gd,Typ,Gd,Unf,TA,TA,Y,NA,NA,6,7
Reg,Gtl,Gd,TA,TA,TA,No,Unf,Unf,Gd,Gd,Typ,Gd,Unf,TA,TA,Y,NA,GdPrv,7,8
Reg,Gtl,TA,TA,TA,TA,Mn,BLQ,Unf,Ex,TA,Typ,NA,Unf,TA,TA,Y,NA,NA,5,4
Reg,Gtl,TA,TA,Gd,TA,No,GLQ,Unf,TA,TA,Typ,NA,Unf,TA,TA,Y,NA,GdPrv,6,5
Reg,Gtl,TA,TA,TA,TA,No,BLQ,Unf,TA,TA,Typ,NA,Unf,TA,TA,Y,NA,GdPrv,5,5
Reg,Gtl,Gd,TA,Ex,TA,No,Unf,Unf,Ex,Gd,Typ,NA,Fin,TA,TA,Y,NA,NA,7,5
IR1,Gtl,TA,TA,TA,TA,No,BLQ,Unf,TA,TA,Typ,NA,Unf,TA,TA,Y,NA,MnPrv,5,6
IR1,Gtl,Gd,TA,Gd,TA,Av,Unf,Unf,Ex,Gd,Typ,Gd,RFn,TA,TA,Y,NA,NA,8,5
Reg,Gtl,TA,TA,TA,TA,No,ALQ,Unf,TA,Fa,Typ,NA,RFn,TA,TA,Y,NA,NA,4,5
IR2,Gtl,TA,TA,NA,NA,NA,NA,NA,Gd,TA,Typ,TA,Unf,TA,TA,P,NA,NA,5,6
Reg,Gtl,Gd,TA,Gd,TA,No,GLQ,Unf,Ex,Gd,Typ,TA,Fin,TA,TA,Y,NA,GdPrv,7,5
Reg,Gtl,TA,TA,TA,TA,No,Unf,Unf,Gd,TA,Typ,NA,Unf,TA,TA,Y,NA,NA,5,5
Reg,Gtl,TA,TA,Gd,TA,No,GLQ,Unf,Ex,Gd,Typ,NA,RFn,TA,TA,Y,NA,NA,6,5
Reg,Gtl,Gd,TA,TA,TA,Av,Unf,Unf,Gd,Gd,Typ,NA,Unf,TA,TA,Y,NA,GdWo,5,7
Reg,Gtl,Gd,TA,TA,TA,No,Rec,Unf,Gd,TA,Typ,Gd,Unf,TA,TA,Y,NA,NA,5,7
Reg,Gtl,TA,TA,TA,TA,No,Unf,Unf,Ex,TA,Typ,NA,Unf,TA,TA,Y,NA,NA,5,6
Reg,Gtl,Gd,TA,Gd,TA,Av,GLQ,Unf,Ex,Ex,Typ,Gd,Fin,TA,TA,Y,NA,NA,8,5
Reg,Mod,TA,TA,TA,TA,Gd,ALQ,Unf,Gd,TA,Typ,NA,Unf,TA,TA,Y,NA,NA,4,5
Reg,Gtl,Gd,TA,Ex,TA,No,GLQ,Unf,Ex,Ex,Typ,Gd,Fin,TA,TA,Y,NA,NA,9,5
IR1,Gtl,TA,TA,TA,TA,Av,ALQ,Unf,TA,Gd,Min2,NA,Unf,TA,TA,Y,NA,MnPrv,5,7
IR1,Gtl,Gd,Gd,TA,TA,No,ALQ,Unf,Ex,TA,Typ,NA,Unf,TA,TA,Y,NA,GdWo,5,8
Reg,Gtl,TA,TA,Ex,Gd,No,ALQ,Unf,Gd,TA,Typ,NA,Fin,TA,TA,Y,NA,NA,5,5
IR1,Gtl,Gd,Gd,Gd,TA,Mn,LwQ,Unf,Ex,Gd,Typ,TA,RFn,TA,TA,Y,NA,NA,7,5
IR1,Gtl,TA,TA,Gd,TA,No,Unf,Unf,Gd,TA,Typ,TA,RFn,TA,TA,Y,NA,MnPrv,6,5
Reg,Gtl,Gd,TA,TA,Fa,No,Unf,Unf,TA,TA,Typ,NA,Unf,TA,Gd,Y,NA,NA,4,5
Reg,Gtl,TA,TA,TA,TA,No,BLQ,Unf,TA,TA,Typ,NA,RFn,TA,TA,Y,NA,GdWo,5,5
IR1,Gtl,Gd,TA,Ex,TA,Av,GLQ,Unf,Ex,Gd,Typ,TA,Fin,TA,TA,Y,NA,NA,9,5
Reg,Gtl,TA,TA,TA,TA,No,LwQ,Unf,Ex,TA,Typ,NA,Fin,TA,TA,Y,NA,NA,5,5
IR1,Gtl,TA,Gd,TA,TA,No,Unf,Unf,TA,TA,Typ,NA,Unf,TA,TA,Y,NA,NA,5,7
IR1,Mod,Gd,Gd,TA,Gd,Gd,ALQ,Rec,Ex,Gd,Typ,TA,Unf,TA,TA,Y,NA,NA,8,6
Reg,Gtl,TA,TA,TA,TA,No,BLQ,Unf,Ex,TA,Typ,TA,RFn,TA,TA,Y,NA,NA,6,4
Reg,Gtl,TA,Gd,TA,TA,Mn,Unf,Unf,Ex,TA,Typ,Po,Unf,TA,TA,Y,NA,MnPrv,5,7
Reg,Gtl,TA,TA,TA,TA,No,LwQ,Rec,Gd,TA,Typ,TA,RFn,TA,TA,Y,NA,NA,6,5
Reg,Gtl,TA,TA,TA,TA,No,GLQ,Unf,TA,TA,Typ,NA,RFn,TA,TA,Y,NA,MnPrv,6,8
Reg,Gtl,TA,TA,Gd,TA,Mn,BLQ,Unf,TA,TA,Typ,Gd,Unf,TA,TA,Y,NA,GdPrv,5,5
Reg,Gtl,TA,TA,NA,NA,NA,NA,NA,TA,TA,Typ,NA,Unf,TA,TA,Y,NA,NA,5,5
Reg,Gtl,TA,TA,TA,TA,No,BLQ,Unf,TA,TA,Typ,TA,RFn,TA,TA,Y,NA,NA,6,5
Reg,Gtl,TA,TA,TA,TA,No,ALQ,Unf,Ex,TA,Typ,NA,Unf,TA,TA,Y,NA,NA,4,6
Reg,Gtl,TA,TA,NA,NA,NA,NA,NA,TA,TA,Typ,NA,Unf,TA,TA,Y,NA,NA,5,5
IR1,Gtl,Ex,TA,Ex,TA,Gd,GLQ,Unf,Ex,Ex,Typ,Gd,Fin,TA,TA,Y,NA,NA,9,5
Reg,Gtl,TA,TA,TA,TA,No,BLQ,Unf,TA,TA,Typ,TA,Unf,TA,TA,Y,NA,NA,5,7
IR1,Gtl,TA,TA,TA,TA,No,ALQ,Unf,TA,TA,Typ,NA,Unf,TA,TA,Y,NA,NA,4,6
IR1,Gtl,TA,Gd,TA,TA,Mn,BLQ,Unf,TA,TA,Typ,NA,Unf,TA,TA,Y,NA,NA,5,7
Reg,Gtl,Gd,TA,Gd,TA,No,Unf,Unf,Ex,Gd,Typ,Gd,Fin,TA,TA,Y,NA,NA,7,5
IR1,Gtl,Gd,TA,Gd,TA,No,Unf,Unf,Ex,Gd,Typ,Gd,RFn,TA,TA,Y,NA,NA,7,5
IR1,Gtl,TA,TA,TA,TA,No,GLQ,Unf,TA,TA,Typ,NA,Unf,TA,TA,Y,NA,MnPrv,5,6
Reg,Gtl,TA,TA,TA,TA,No,Rec,LwQ,TA,TA,Typ,NA,RFn,TA,TA,Y,NA,MnPrv,5,5
IR1,Gtl,Gd,TA,Gd,TA,No,GLQ,Unf,Ex,Gd,Typ,Gd,RFn,TA,TA,Y,NA,NA,8,5
IR1,Gtl,Gd,TA,Gd,TA,No,Rec,Unf,Gd,Gd,Typ,Gd,Fin,Fa,TA,Y,NA,NA,7,7
IR1,Mod,TA,TA,Gd,TA,Av,BLQ,ALQ,TA,TA,Typ,NA,Unf,TA,TA,Y,NA,MnPrv,5,5
IR2,Gtl,Gd,TA,Gd,TA,No,Unf,Unf,Ex,Gd,Typ,Gd,Fin,TA,TA,Y,NA,NA,6,5
Reg,Gtl,TA,TA,TA,TA,No,Rec,Unf,TA,TA,Typ,NA,Unf,TA,TA,Y,NA,NA,5,5
IR1,Mod,TA,TA,Gd,Gd,Av,ALQ,Unf,TA,Gd,Typ,NA,Unf,TA,TA,Y,NA,NA,5,7
Reg,Gtl,TA,TA,TA,TA,No,Rec,Unf,TA,TA,Min1,NA,Unf,TA,TA,Y,NA,MnPrv,5,7
Reg,Gtl,TA,TA,TA,TA,No,BLQ,Unf,TA,TA,Typ,NA,Unf,TA,TA,Y,NA,NA,5,6
Reg,Gtl,Gd,TA,Gd,TA,Av,GLQ,Unf,Ex,Gd,Typ,NA,RFn,TA,TA,Y,NA,NA,6,5
Reg,Gtl,TA,TA,TA,TA,No,Unf,Unf,Fa,TA,Typ,NA,Unf,TA,TA,Y,NA,NA,4,5
Reg,Gtl,TA,TA,TA,TA,Av,BLQ,Unf,TA,TA,Typ,NA,Unf,TA,TA,Y,NA,NA,2,3
Reg,Gtl,TA,TA,TA,TA,No,ALQ,Unf,Ex,TA,Typ,NA,RFn,TA,TA,Y,NA,NA,4,6
IR1,Gtl,Gd,TA,Ex,TA,Mn,BLQ,GLQ,Ex,Gd,Typ,TA,RFn,TA,TA,Y,NA,GdPrv,7,5
IR1,Gtl,Ex,TA,Gd,TA,No,ALQ,BLQ,Ex,TA,Min1,TA,Unf,TA,TA,Y,NA,NA,6,8
IR1,Gtl,Gd,Gd,Gd,Gd,No,GLQ,Unf,Ex,Gd,Typ,NA,RFn,TA,TA,Y,NA,NA,6,5
Reg,Gtl,TA,TA,TA,TA,No,ALQ,Unf,Gd,TA,Typ,NA,NA,NA,NA,N,NA,GdPrv,5,7
Reg,Gtl,Gd,TA,Gd,TA,No,GLQ,Unf,Ex,Gd,Typ,Gd,Fin,TA,TA,Y,NA,NA,6,5
Reg,Gtl,Gd,TA,Gd,TA,No,LwQ,GLQ,Ex,Gd,Typ,Fa,RFn,TA,TA,Y,NA,NA,6,5
Reg,Gtl,TA,Gd,Gd,TA,No,BLQ,LwQ,TA,TA,Typ,TA,Unf,TA,TA,Y,NA,NA,6,6
IR1,Gtl,TA,TA,Gd,TA,Av,ALQ,LwQ,TA,Ex,Typ,NA,RFn,TA,TA,Y,NA,NA,5,6
Reg,Gtl,Gd,TA,Gd,TA,No,Unf,Unf,Ex,Ex,Typ,Gd,Fin,TA,TA,Y,NA,NA,8,5
Reg,Gtl,TA,TA,TA,TA,No,BLQ,Unf,Gd,TA,Typ,Gd,RFn,TA,TA,Y,NA,GdPrv,7,5
Reg,Gtl,Gd,TA,Gd,TA,Av,Unf,Unf,Ex,Ex,Typ,TA,RFn,TA,TA,Y,NA,NA,8,5
IR1,Gtl,TA,TA,Gd,TA,No,Unf,Unf,Gd,Gd,Typ,TA,Fin,TA,TA,Y,NA,NA,7,5
IR1,Gtl,Gd,TA,Gd,TA,Av,GLQ,Unf,Ex,Gd,Typ,NA,Fin,TA,TA,Y,NA,NA,8,5
Reg,Gtl,TA,TA,TA,TA,No,BLQ,Rec,Ex,TA,Typ,NA,Unf,TA,TA,Y,NA,GdWo,5,6
IR1,Gtl,Ex,TA,Ex,Gd,No,Unf,Unf,Ex,Ex,Typ,Gd,Fin,TA,TA,Y,NA,NA,9,5
Reg,Gtl,Gd,TA,Gd,TA,Av,GLQ,Unf,Ex,Gd,Typ,NA,RFn,TA,TA,Y,NA,NA,7,5
IR2,Mod,TA,TA,Gd,TA,Gd,GLQ,Unf,Ex,Gd,Typ,Gd,RFn,TA,TA,Y,NA,NA,7,7
IR1,Gtl,TA,Gd,Fa,TA,Mn,Unf,Unf,Gd,TA,Typ,NA,Unf,TA,TA,Y,NA,NA,4,5
Reg,Gtl,Gd,TA,Gd,TA,No,GLQ,Unf,Ex,Gd,Typ,NA,RFn,TA,TA,Y,NA,NA,7,5
Reg,Gtl,Gd,TA,Gd,TA,Mn,GLQ,Unf,Ex,Gd,Typ,Gd,RFn,TA,TA,Y,NA,NA,7,5
Reg,Gtl,Gd,TA,Gd,Gd,Mn,GLQ,Unf,Ex,Gd,Typ,NA,RFn,TA,TA,Y,NA,NA,7,5
Reg,Gtl,TA,Gd,TA,TA,Mn,Unf,Unf,Ex,TA,Typ,TA,Unf,TA,TA,Y,NA,NA,7,7
IR1,Gtl,TA,TA,TA,TA,Gd,Rec,LwQ,TA,TA,Typ,NA,Unf,TA,TA,Y,NA,NA,6,5
IR1,Gtl,Gd,TA,Gd,TA,No,ALQ,Unf,Ex,Gd,Typ,TA,RFn,TA,TA,Y,NA,GdPrv,7,5
IR1,Gtl,TA,TA,Gd,TA,Gd,GLQ,Unf,TA,TA,Typ,NA,NA,NA,NA,N,NA,NA,4,3
Reg,Gtl,TA,TA,TA,TA,Av,Unf,Unf,TA,TA,Typ,NA,Unf,TA,TA,P,NA,NA,5,4
IR1,Gtl,TA,TA,TA,TA,No,GLQ,Rec,Gd,Gd,Typ,Gd,RFn,TA,TA,Y,NA,NA,6,6
Reg,Gtl,TA,TA,TA,TA,No,LwQ,Unf,TA,TA,Typ,NA,Unf,TA,TA,Y,NA,MnWw,5,6
Reg,Gtl,TA,Gd,TA,TA,Av,ALQ,BLQ,TA,TA,Typ,TA,RFn,TA,TA,Y,NA,NA,5,6
Reg,Gtl,Gd,TA,Gd,TA,Av,GLQ,Unf,Ex,Gd,Typ,Gd,Fin,TA,TA,Y,NA,NA,8,5
IR1,Gtl,Gd,TA,Gd,TA,NA,Unf,Unf,Ex,Gd,Typ,TA,RFn,TA,TA,Y,NA,NA,7,5
Reg,Gtl,TA,TA,TA,TA,No,ALQ,Unf,TA,Gd,Typ,TA,RFn,TA,TA,Y,NA,NA,6,7
Reg,Gtl,TA,TA,TA,TA,No,ALQ,BLQ,Gd,Gd,Typ,NA,RFn,TA,TA,Y,NA,NA,5,8
Reg,Gtl,TA,TA,TA,TA,No,BLQ,Unf,Gd,TA,Typ,NA,Unf,TA,TA,Y,NA,MnPrv,5,5
Reg,Gtl,TA,Gd,Gd,TA,Av,GLQ,Unf,Gd,TA,Typ,NA,Fin,TA,TA,Y,NA,MnPrv,5,8
IR1,Mod,TA,TA,TA,TA,Av,ALQ,LwQ,Ex,TA,Min2,Po,RFn,TA,TA,Y,NA,MnPrv,5,4
IR1,Gtl,TA,TA,Gd,Gd,Gd,GLQ,Unf,TA,TA,Typ,NA,NA,NA,NA,Y,NA,NA,6,5
IR1,Gtl,TA,TA,Gd,TA,No,Rec,Unf,TA,TA,Typ,NA,Unf,TA,TA,Y,NA,NA,6,6
Reg,Gtl,TA,TA,Gd,TA,No,ALQ,Unf,TA,TA,Typ,TA,Fin,TA,TA,Y,NA,GdPrv,6,6
Reg,Gtl,TA,TA,TA,TA,No,Rec,Unf,TA,TA,Typ,NA,Fin,TA,TA,Y,NA,NA,5,5
Reg,Gtl,Gd,TA,Gd,TA,Mn,GLQ,Unf,Ex,Gd,Typ,NA,RFn,TA,TA,Y,NA,NA,7,5
Reg,Gtl,Gd,TA,Gd,TA,No,ALQ,Unf,Ex,Gd,Typ,NA,Unf,TA,TA,Y,NA,NA,7,5
IR1,Gtl,TA,Gd,TA,TA,Gd,BLQ,Unf,Gd,TA,Typ,NA,NA,NA,NA,Y,NA,NA,5,7
IR1,Gtl,TA,Gd,Gd,Gd,No,ALQ,Unf,TA,TA,Typ,TA,Fin,TA,TA,Y,NA,NA,6,7
Reg,Gtl,TA,TA,Gd,TA,No,ALQ,Unf,TA,Gd,Typ,TA,Unf,TA,TA,Y,NA,NA,6,6
IR1,Gtl,Gd,TA,Ex,TA,No,Unf,Unf,Ex,Ex,Typ,NA,Fin,TA,TA,Y,NA,NA,9,5
Reg,Gtl,Gd,TA,Gd,TA,No,GLQ,Unf,Ex,Gd,Typ,Gd,Fin,TA,TA,Y,NA,NA,7,5
Reg,Gtl,Gd,TA,Gd,TA,No,Unf,Unf,Ex,Gd,Typ,Gd,Fin,TA,TA,Y,NA,NA,6,5
IR1,Gtl,Gd,Gd,TA,Fa,No,Rec,Unf,Ex,TA,Min2,TA,Unf,TA,TA,Y,NA,NA,5,7
IR1,Gtl,TA,TA,TA,TA,No,ALQ,Unf,TA,TA,Typ,NA,Unf,TA,TA,Y,NA,NA,5,7
Reg,Gtl,TA,TA,TA,TA,No,Unf,Unf,Fa,TA,Typ,NA,NA,NA,NA,Y,NA,GdWo,3,6
Reg,Gtl,TA,Fa,TA,TA,Gd,ALQ,Unf,TA,TA,Typ,NA,RFn,TA,TA,Y,NA,NA,6,5
Reg,Gtl,TA,TA,TA,TA,No,Unf,Unf,TA,TA,Typ,NA,NA,NA,NA,Y,NA,NA,4,4
Reg,Gtl,Gd,TA,Gd,TA,No,GLQ,Unf,Ex,Gd,Typ,NA,RFn,TA,TA,Y,NA,NA,7,5
Reg,Gtl,TA,TA,Gd,TA,No,Unf,Unf,TA,TA,Typ,TA,Unf,TA,TA,Y,NA,NA,6,5
Reg,Gtl,Gd,TA,Gd,TA,No,Unf,Unf,Ex,Gd,Typ,NA,Fin,TA,TA,Y,NA,NA,7,5
IR1,Gtl,TA,Gd,Gd,TA,No,Unf,Unf,TA,Gd,Typ,NA,Unf,TA,TA,Y,NA,GdPrv,7,8
Reg,Gtl,Gd,TA,Gd,TA,No,GLQ,Unf,Ex,Gd,Typ,NA,Unf,TA,TA,Y,NA,NA,7,5
IR1,Gtl,TA,TA,Gd,TA,No,Unf,Unf,TA,Fa,Typ,NA,NA,NA,NA,Y,NA,NA,4,7
IR1,Gtl,Gd,TA,Gd,TA,No,GLQ,Unf,Ex,Gd,Typ,NA,Fin,TA,TA,Y,NA,NA,7,5
Reg,Mod,TA,TA,TA,TA,No,LwQ,Unf,Ex,TA,Typ,NA,Unf,TA,TA,Y,NA,NA,4,5
Reg,Gtl,TA,TA,TA,TA,No,Rec,Unf,TA,TA,Typ,NA,Unf,TA,TA,Y,NA,MnPrv,5,6
IR1,Gtl,Ex,TA,TA,TA,Av,ALQ,Unf,Gd,Ex,Typ,NA,RFn,TA,TA,Y,NA,NA,7,9
IR1,Gtl,Gd,TA,Gd,TA,No,GLQ,Unf,Ex,Gd,Typ,TA,Fin,TA,TA,Y,NA,NA,8,5
Reg,Gtl,Gd,TA,Gd,TA,Av,Unf,Unf,Ex,Gd,Typ,Gd,Fin,TA,TA,Y,NA,NA,7,5
Reg,Gtl,Gd,TA,Gd,TA,Mn,Unf,Unf,Ex,Gd,Typ,Gd,Unf,TA,TA,Y,NA,NA,8,5
Reg,Gtl,TA,TA,NA,NA,NA,NA,NA,TA,Gd,Typ,NA,Unf,TA,TA,Y,NA,NA,5,5
Reg,Gtl,TA,TA,TA,TA,No,ALQ,Unf,TA,TA,Typ,NA,Unf,TA,TA,Y,NA,NA,5,5
Reg,Gtl,TA,Gd,TA,Fa,No,Unf,Unf,Gd,Gd,Typ,NA,Unf,Fa,TA,Y,NA,NA,6,8
IR1,Gtl,Ex,TA,Ex,TA,Av,GLQ,Unf,Ex,Ex,Typ,Gd,Fin,TA,TA,Y,NA,NA,9,5
IR1,Gtl,TA,TA,TA,TA,No,LwQ,Unf,TA,Gd,Typ,TA,Fin,TA,TA,Y,NA,NA,6,6
Reg,Gtl,Gd,TA,Gd,Gd,No,Unf,Unf,Ex,Gd,Typ,NA,RFn,TA,TA,Y,NA,NA,7,5
Reg,Gtl,Gd,TA,Gd,TA,No,GLQ,Unf,Ex,Gd,Typ,TA,Fin,TA,TA,Y,NA,NA,8,5
Reg,Gtl,Gd,Gd,TA,TA,No,BLQ,Unf,Gd,Gd,Typ,Gd,Unf,TA,TA,P,NA,NA,8,9
Reg,Mod,TA,TA,TA,TA,Gd,BLQ,Rec,Gd,Gd,Typ,Fa,RFn,TA,TA,Y,NA,MnWw,6,8
Reg,Gtl,TA,TA,Gd,TA,No,Unf,Unf,Ex,Gd,Typ,NA,RFn,TA,TA,Y,NA,NA,6,5
Reg,Gtl,Ex,TA,Ex,TA,Gd,GLQ,Unf,Ex,Ex,Typ,Gd,Fin,TA,TA,Y,NA,NA,10,5
IR1,Mod,TA,TA,TA,TA,No,ALQ,Unf,TA,TA,Typ,NA,Unf,TA,TA,Y,NA,MnPrv,4,7
IR1,Gtl,TA,TA,TA,TA,No,Rec,Unf,TA,TA,Typ,NA,Unf,TA,TA,Y,NA,NA,5,6
IR1,Gtl,TA,TA,TA,TA,No,Unf,Unf,TA,TA,Typ,TA,RFn,TA,TA,Y,NA,NA,6,6
Reg,Gtl,TA,TA,TA,Fa,No,Unf,Unf,Fa,TA,Typ,Gd,Unf,TA,Fa,P,NA,NA,3,4
Reg,Gtl,Gd,TA,Gd,TA,Av,GLQ,Unf,Ex,Gd,Typ,NA,RFn,TA,TA,Y,NA,NA,7,5
Reg,Gtl,TA,TA,NA,NA,NA,NA,NA,Fa,Fa,Min1,NA,Unf,TA,Fa,Y,NA,NA,3,3
Reg,Gtl,TA,TA,Fa,TA,No,Unf,Unf,Ex,Ex,Typ,NA,Unf,Fa,TA,N,NA,NA,5,6
IR1,Gtl,Gd,TA,Gd,TA,No,GLQ,Unf,Ex,Gd,Typ,Gd,RFn,TA,TA,Y,NA,NA,8,5
IR1,Gtl,TA,TA,TA,TA,No,Unf,Unf,Fa,TA,Typ,NA,Unf,TA,TA,Y,NA,NA,5,6
Reg,Gtl,Gd,TA,Gd,TA,No,GLQ,Unf,Ex,Gd,Typ,Gd,Fin,TA,TA,Y,NA,NA,7,5
Reg,Gtl,Gd,TA,Gd,Gd,Av,GLQ,Unf,TA,TA,Typ,NA,Unf,TA,TA,Y,NA,NA,5,8
IR3,Gtl,TA,TA,Gd,TA,No,LwQ,Unf,Gd,TA,Typ,TA,Unf,TA,TA,Y,NA,NA,6,3
Reg,Gtl,TA,TA,TA,TA,No,BLQ,LwQ,TA,TA,Typ,NA,RFn,TA,TA,Y,NA,NA,4,4
IR1,Gtl,Gd,TA,Ex,TA,Mn,Unf,Unf,Ex,Gd,Typ,Gd,Fin,TA,TA,Y,NA,NA,7,5
Reg,Gtl,TA,Fa,TA,TA,No,Unf,Unf,Ex,TA,Typ,NA,NA,NA,NA,P,NA,NA,5,5
Reg,Gtl,TA,TA,TA,TA,No,Unf,Unf,TA,TA,Typ,Gd,Unf,TA,TA,Y,NA,NA,5,5
Reg,Gtl,TA,TA,NA,NA,NA,NA,NA,TA,TA,Typ,NA,NA,NA,NA,Y,NA,NA,5,5
Reg,Gtl,TA,Gd,TA,Fa,No,Unf,Unf,TA,Gd,Typ,TA,Unf,TA,TA,Y,NA,NA,6,7
Reg,Gtl,TA,TA,TA,TA,No,ALQ,Rec,TA,TA,Maj2,NA,Unf,TA,TA,Y,NA,NA,5,4
Reg,Gtl,TA,TA,TA,Fa,No,BLQ,Unf,TA,TA,Typ,Gd,Unf,TA,TA,Y,NA,NA,6,5
Reg,Gtl,Gd,TA,Gd,TA,No,GLQ,Unf,Ex,Gd,Typ,NA,Fin,TA,TA,Y,NA,NA,8,6
Reg,Gtl,Gd,TA,Gd,TA,Gd,GLQ,Unf,Ex,Gd,Typ,TA,Fin,TA,TA,Y,NA,NA,7,5
IR1,Gtl,Gd,TA,Gd,TA,Av,GLQ,Unf,Gd,Gd,Typ,Ex,RFn,TA,TA,Y,NA,NA,8,5
IR1,Gtl,Gd,TA,Gd,TA,No,Unf,Unf,Gd,Gd,Typ,TA,RFn,TA,TA,Y,NA,NA,7,5
Reg,Gtl,Gd,TA,Gd,TA,Gd,GLQ,Unf,Ex,Gd,Typ,Gd,Fin,TA,TA,Y,NA,NA,7,5
Reg,Gtl,TA,TA,Gd,TA,No,GLQ,Unf,Ex,Gd,Typ,NA,Fin,TA,TA,Y,NA,NA,4,5
Reg,Gtl,Gd,TA,Gd,TA,Av,GLQ,Unf,Ex,Gd,Typ,NA,RFn,TA,TA,Y,NA,NA,7,5
Reg,Gtl,TA,TA,TA,TA,No,LwQ,Unf,Gd,TA,Typ,NA,Unf,Fa,Fa,Y,NA,NA,5,5
Reg,Gtl,Gd,TA,Gd,Gd,No,GLQ,Unf,Ex,Gd,Typ,Gd,Fin,TA,TA,Y,NA,NA,7,5
IR1,Gtl,Gd,TA,Gd,TA,Av,ALQ,LwQ,TA,Gd,Typ,Gd,Fin,TA,TA,Y,NA,NA,8,6
Reg,Gtl,TA,TA,TA,TA,No,LwQ,Rec,TA,TA,Typ,NA,Unf,TA,TA,Y,NA,MnPrv,5,5
Reg,Gtl,TA,TA,TA,TA,No,Rec,Unf,TA,TA,Typ,Gd,Unf,TA,TA,Y,NA,NA,5,5
IR1,Gtl,Gd,TA,Gd,TA,Gd,GLQ,Unf,Ex,Gd,Typ,Gd,RFn,TA,TA,Y,NA,NA,8,5
Reg,Gtl,TA,TA,TA,TA,No,Rec,BLQ,TA,TA,Typ,Gd,Unf,TA,TA,Y,NA,NA,5,5
Reg,Gtl,TA,TA,TA,TA,No,BLQ,Unf,Gd,TA,Typ,NA,Unf,TA,TA,Y,NA,NA,6,7
Reg,Gtl,TA,TA,TA,TA,Mn,Unf,Unf,Gd,TA,Typ,NA,NA,NA,NA,N,NA,NA,5,8
Reg,Gtl,TA,TA,TA,TA,No,GLQ,Unf,Ex,TA,Typ,TA,Fin,TA,TA,Y,NA,NA,7,3
IR1,Gtl,Gd,Gd,Gd,Gd,No,GLQ,Unf,Ex,Gd,Typ,TA,RFn,TA,TA,Y,NA,NA,8,7
Reg,Gtl,Gd,TA,Gd,TA,No,GLQ,Unf,Ex,Gd,Typ,NA,Unf,TA,TA,Y,NA,NA,7,5
Reg,Gtl,TA,Gd,Fa,Fa,No,Unf,Unf,Ex,Fa,Typ,Gd,Unf,Fa,TA,Y,NA,MnPrv,5,7
IR1,Gtl,TA,Gd,NA,NA,NA,NA,NA,Ex,TA,Typ,NA,Unf,TA,TA,N,NA,NA,4,3
IR1,Gtl,Gd,TA,Ex,TA,Gd,GLQ,Unf,Ex,Ex,Typ,Ex,Fin,TA,TA,Y,NA,NA,9,5
Reg,Gtl,Gd,TA,Gd,TA,No,Unf,Unf,Ex,Gd,Typ,TA,Fin,TA,TA,Y,NA,NA,8,5
Reg,Gtl,TA,TA,TA,TA,No,Unf,Unf,TA,TA,Typ,TA,NA,NA,NA,Y,NA,NA,4,6
Reg,Gtl,TA,TA,Gd,TA,Av,GLQ,Unf,TA,TA,Typ,NA,Unf,TA,TA,Y,NA,NA,4,4
Reg,Gtl,TA,TA,TA,TA,No,Rec,BLQ,Ex,TA,Maj1,TA,RFn,TA,TA,Y,NA,GdPrv,5,4
Reg,Gtl,TA,TA,TA,TA,No,GLQ,Rec,Gd,Gd,Typ,NA,Unf,TA,TA,Y,NA,NA,6,8
IR1,Gtl,Gd,TA,Gd,TA,Av,ALQ,Unf,Ex,Gd,Typ,Gd,RFn,TA,TA,Y,NA,NA,6,5
Reg,Gtl,TA,TA,Gd,TA,No,GLQ,Unf,Ex,Gd,Typ,Ex,Unf,TA,TA,Y,NA,NA,7,5
Reg,Gtl,Gd,TA,Gd,TA,No,ALQ,Unf,TA,Gd,Typ,Gd,Fin,TA,TA,Y,NA,MnPrv,8,5
IR1,Gtl,TA,TA,NA,NA,NA,NA,NA,Ex,TA,Min2,Gd,Unf,TA,TA,Y,NA,NA,3,5
IR1,Gtl,Gd,TA,Ex,TA,Av,GLQ,Unf,Ex,Ex,Typ,Gd,Fin,TA,TA,Y,NA,NA,9,5
IR2,Gtl,TA,TA,Gd,TA,No,GLQ,Unf,Ex,TA,Typ,NA,Unf,TA,TA,Y,NA,NA,5,5
Reg,Gtl,TA,Fa,NA,NA,NA,NA,NA,TA,TA,Min1,TA,Unf,TA,TA,Y,NA,GdPrv,5,4
Reg,Gtl,TA,TA,NA,NA,NA,NA,NA,Ex,Gd,Typ,NA,Unf,TA,TA,Y,NA,NA,4,7
IR1,Gtl,Gd,TA,Gd,TA,Av,Unf,Unf,Ex,Gd,Typ,NA,Fin,TA,TA,Y,NA,NA,7,5
IR1,Gtl,Gd,TA,Gd,TA,Av,Unf,Unf,Ex,Gd,Typ,Gd,Fin,TA,TA,Y,NA,NA,7,5
Reg,Gtl,TA,TA,TA,TA,No,Rec,Unf,TA,TA,Typ,TA,RFn,TA,TA,Y,NA,GdPrv,6,6
Reg,Mod,TA,TA,TA,TA,Av,Rec,Unf,Ex,TA,Min2,Gd,Unf,TA,TA,Y,NA,NA,5,6
Reg,Gtl,Gd,TA,Gd,TA,Mn,GLQ,Unf,Ex,Gd,Typ,Gd,Fin,TA,TA,Y,NA,NA,8,5
Reg,Gtl,TA,TA,Gd,TA,No,ALQ,Unf,TA,TA,Typ,TA,Fin,TA,TA,Y,NA,MnPrv,6,5
IR1,Gtl,Gd,TA,Gd,TA,Av,GLQ,Unf,Ex,Gd,Typ,Gd,RFn,TA,TA,Y,NA,NA,7,5
IR2,Gtl,Gd,TA,Gd,TA,No,GLQ,Unf,Ex,Gd,Typ,Gd,Fin,TA,TA,Y,NA,NA,7,6
IR1,Gtl,Ex,TA,Ex,TA,Av,GLQ,Unf,Ex,Ex,Typ,Gd,Fin,TA,TA,Y,NA,NA,9,5
IR1,Mod,TA,TA,TA,TA,Mn,Rec,LwQ,TA,TA,Typ,Gd,Unf,TA,Fa,Y,NA,NA,6,7
Reg,Gtl,Gd,TA,Gd,TA,Mn,GLQ,Unf,Ex,Gd,Typ,NA,Fin,TA,TA,Y,NA,NA,8,5
Reg,Gtl,Fa,TA,TA,TA,No,Unf,Unf,TA,TA,Typ,NA,RFn,TA,TA,Y,NA,NA,3,4
Reg,Gtl,TA,TA,TA,TA,No,Unf,Unf,TA,TA,Min2,NA,Unf,TA,TA,Y,NA,NA,5,5
Reg,Gtl,TA,Gd,TA,TA,No,BLQ,Unf,Gd,Gd,Typ,Gd,Unf,TA,TA,Y,NA,MnPrv,6,6
IR1,Gtl,TA,TA,TA,TA,Mn,BLQ,Rec,Ex,TA,Typ,Po,RFn,TA,TA,Y,NA,MnPrv,5,6
Reg,Mod,Gd,TA,Ex,TA,Gd,GLQ,Unf,Ex,Gd,Typ,NA,RFn,TA,TA,Y,NA,NA,7,5
IR1,Gtl,Gd,TA,Gd,TA,No,Unf,Unf,Gd,TA,Typ,TA,RFn,TA,TA,Y,NA,NA,6,7
Reg,Mod,TA,TA,TA,TA,Gd,GLQ,LwQ,TA,TA,Typ,NA,RFn,TA,TA,Y,NA,NA,6,6
Reg,Gtl,TA,TA,Gd,TA,No,ALQ,Unf,Gd,TA,Maj1,Gd,Fin,TA,TA,Y,NA,GdPrv,6,4
Reg,Gtl,TA,TA,TA,TA,No,ALQ,Unf,TA,Gd,Typ,NA,Unf,TA,TA,Y,NA,NA,5,7
Reg,Gtl,TA,TA,TA,TA,No,BLQ,Unf,TA,TA,Typ,NA,Unf,TA,TA,Y,NA,NA,5,5
Reg,Gtl,TA,TA,TA,TA,No,Rec,Unf,Ex,TA,Typ,NA,Unf,TA,TA,Y,NA,NA,6,6
Reg,Gtl,TA,TA,Fa,Fa,Mn,Unf,Unf,Fa,TA,Typ,TA,Unf,TA,TA,P,NA,NA,5,3
IR1,Gtl,TA,TA,TA,TA,No,BLQ,Unf,TA,TA,Typ,NA,Fin,TA,TA,Y,NA,MnPrv,6,6
Reg,Gtl,Gd,TA,Gd,TA,Av,Unf,Unf,Ex,Gd,Typ,NA,RFn,TA,TA,Y,NA,NA,7,5
Reg,Gtl,TA,TA,TA,TA,No,BLQ,Unf,TA,TA,Typ,Gd,Unf,TA,TA,Y,NA,NA,7,6
Reg,Gtl,TA,TA,Fa,TA,No,ALQ,Unf,Gd,Gd,Min1,TA,Unf,TA,TA,Y,NA,NA,5,8
IR1,Gtl,TA,TA,TA,TA,Mn,BLQ,Rec,Ex,TA,Typ,NA,Fin,TA,TA,Y,NA,NA,5,5
Reg,Gtl,Gd,TA,Gd,TA,Mn,GLQ,Unf,Ex,Gd,Typ,Gd,RFn,TA,TA,Y,NA,NA,6,5
Reg,Gtl,TA,TA,Gd,TA,No,GLQ,Unf,Gd,TA,Typ,NA,Unf,TA,TA,Y,NA,NA,5,5
Reg,Gtl,Gd,Gd,TA,TA,No,ALQ,Unf,Ex,Gd,Typ,NA,RFn,TA,TA,Y,NA,NA,6,7
Reg,Gtl,TA,TA,TA,TA,No,ALQ,Unf,Fa,TA,Typ,NA,Fin,TA,TA,Y,NA,MnPrv,5,5
Reg,Gtl,Gd,TA,Gd,TA,No,Unf,Unf,Ex,Gd,Typ,Gd,RFn,TA,TA,Y,NA,NA,7,5
Reg,Gtl,TA,TA,TA,TA,No,BLQ,Unf,TA,TA,Typ,Gd,RFn,TA,TA,Y,NA,MnPrv,6,6
IR2,Gtl,TA,TA,Gd,TA,No,ALQ,Unf,Gd,TA,Typ,TA,Fin,TA,TA,Y,NA,NA,6,5
Reg,Gtl,TA,TA,Gd,TA,Av,GLQ,Unf,Ex,Gd,Typ,NA,Unf,TA,TA,Y,NA,NA,6,6
Reg,Gtl,TA,TA,TA,TA,No,BLQ,Unf,TA,TA,Typ,NA,RFn,TA,TA,Y,NA,NA,4,5
Reg,Gtl,Gd,TA,Gd,TA,Mn,Unf,Unf,Ex,Gd,Typ,Gd,RFn,TA,TA,Y,NA,NA,8,5
Reg,Gtl,Gd,TA,Gd,TA,No,Unf,Unf,Ex,Gd,Maj1,NA,Unf,TA,TA,Y,NA,NA,7,5
IR1,Gtl,Gd,TA,Gd,TA,No,GLQ,Unf,Ex,Gd,Typ,Gd,Fin,TA,TA,Y,NA,NA,8,5
Reg,Gtl,TA,TA,NA,NA,NA,NA,NA,Fa,TA,Typ,NA,Unf,TA,TA,Y,NA,NA,3,4
Reg,Gtl,Gd,TA,Gd,TA,No,BLQ,Unf,Ex,Gd,Typ,NA,Unf,TA,TA,Y,NA,NA,7,5
Reg,Gtl,TA,TA,TA,TA,No,Rec,Unf,Fa,TA,Typ,Gd,Unf,TA,TA,Y,NA,NA,6,5
Reg,Gtl,TA,TA,TA,TA,Mn,GLQ,Unf,Gd,Gd,Typ,NA,Unf,TA,TA,Y,NA,MnPrv,5,8
Reg,Gtl,TA,TA,TA,TA,No,BLQ,Rec,Ex,TA,Typ,NA,Fin,TA,TA,Y,NA,NA,5,7
IR1,Gtl,Gd,TA,Gd,TA,No,GLQ,Unf,Gd,Gd,Typ,Gd,RFn,TA,TA,Y,NA,NA,6,5
Reg,Gtl,TA,TA,TA,TA,No,Unf,Unf,TA,Gd,Typ,NA,NA,NA,NA,Y,NA,NA,6,7
Reg,Gtl,Gd,TA,Gd,TA,No,Unf,Unf,Ex,Gd,Typ,NA,RFn,TA,TA,Y,NA,NA,8,5
Reg,Gtl,TA,TA,TA,TA,No,BLQ,Unf,TA,TA,Typ,NA,Unf,TA,TA,Y,NA,NA,4,6
IR1,Gtl,TA,TA,Gd,TA,No,ALQ,Unf,TA,TA,Typ,TA,RFn,TA,TA,Y,NA,NA,7,5
Reg,Gtl,TA,TA,TA,Fa,No,Rec,Unf,TA,Fa,Typ,NA,Unf,TA,TA,N,NA,NA,2,5
IR1,Gtl,TA,TA,TA,TA,No,BLQ,LwQ,TA,TA,Typ,NA,Unf,TA,TA,Y,NA,NA,5,5
Reg,Gtl,TA,TA,TA,TA,No,Rec,Unf,Ex,TA,Typ,NA,RFn,TA,TA,Y,NA,MnWw,5,7
Reg,Gtl,TA,TA,TA,TA,Mn,ALQ,Unf,Ex,TA,Typ,Fa,Fin,TA,TA,Y,NA,NA,6,6
Reg,Gtl,TA,TA,TA,TA,No,Unf,Unf,TA,TA,Typ,NA,Unf,TA,TA,Y,NA,NA,5,5
IR1,Gtl,Gd,TA,Ex,TA,Av,GLQ,Unf,Ex,Gd,Typ,TA,RFn,TA,TA,Y,NA,NA,8,5
IR1,Gtl,Gd,TA,Gd,TA,Mn,GLQ,Unf,Gd,Gd,Typ,TA,Fin,TA,TA,Y,NA,NA,7,5
IR3,Gtl,Gd,TA,Ex,Gd,No,Unf,Unf,Ex,Gd,Typ,Gd,RFn,TA,TA,Y,NA,NA,7,5
Reg,Gtl,TA,TA,Gd,TA,No,Unf,Unf,Ex,TA,Typ,TA,RFn,TA,TA,Y,NA,NA,6,5
IR1,Gtl,Gd,TA,Ex,TA,Mn,GLQ,Unf,Ex,Gd,Typ,Gd,Fin,TA,TA,Y,NA,NA,8,5
Reg,Gtl,TA,TA,Gd,TA,No,GLQ,Unf,Gd,TA,Typ,TA,Fin,TA,TA,Y,NA,NA,6,5
Reg,Gtl,TA,TA,TA,TA,No,ALQ,Unf,TA,TA,Typ,Gd,RFn,TA,TA,Y,NA,NA,7,6
IR1,Gtl,TA,TA,TA,TA,No,GLQ,Unf,TA,TA,Typ,NA,Unf,TA,TA,Y,NA,NA,5,7
Reg,Gtl,TA,TA,TA,TA,No,BLQ,Unf,Gd,Gd,Typ,NA,Unf,TA,TA,Y,NA,NA,5,7
Reg,Gtl,TA,Gd,TA,TA,No,Rec,Unf,Ex,Gd,Typ,NA,Unf,TA,TA,Y,NA,MnPrv,5,7
Reg,Gtl,Gd,TA,Ex,TA,No,GLQ,Unf,Ex,Ex,Typ,Gd,RFn,TA,TA,Y,NA,NA,8,5
Reg,Gtl,Gd,TA,Gd,TA,No,GLQ,Unf,Ex,Gd,Typ,TA,Fin,TA,TA,Y,NA,NA,8,5
IR1,Gtl,TA,TA,TA,TA,No,BLQ,Unf,Ex,Gd,Typ,NA,RFn,TA,TA,Y,NA,NA,5,7
Reg,Gtl,TA,Gd,TA,TA,No,Unf,Unf,TA,TA,Min2,NA,RFn,TA,TA,Y,NA,NA,5,6
Reg,Gtl,TA,TA,TA,TA,No,LwQ,Unf,TA,TA,Typ,NA,RFn,TA,TA,Y,NA,GdWo,5,5
Reg,Mod,TA,TA,TA,TA,No,Unf,Unf,TA,TA,Typ,Gd,Unf,TA,TA,Y,NA,MnPrv,6,5
Reg,Gtl,Gd,TA,Gd,TA,Av,GLQ,Unf,Ex,Gd,Typ,NA,RFn,TA,TA,Y,NA,NA,7,5
IR1,Gtl,TA,TA,TA,TA,No,Unf,Unf,Ex,TA,Typ,NA,Unf,TA,TA,Y,NA,MnPrv,4,3
Reg,Gtl,TA,Ex,TA,TA,No,Unf,Unf,Ex,TA,Typ,NA,NA,NA,NA,Y,NA,NA,5,9
IR1,Gtl,TA,TA,Gd,TA,No,Unf,Unf,Gd,Gd,Typ,TA,Fin,TA,TA,Y,NA,NA,7,5
Reg,Gtl,TA,TA,TA,TA,No,Unf,Unf,TA,Fa,Typ,TA,Unf,Fa,Fa,Y,NA,NA,4,5
Reg,Gtl,Gd,TA,Gd,TA,No,Unf,Unf,Ex,Gd,Typ,TA,Fin,TA,TA,Y,NA,NA,7,5
IR3,Gtl,Gd,TA,Gd,TA,Av,GLQ,Unf,Ex,Gd,Typ,Gd,Fin,TA,TA,Y,NA,NA,7,5
IR1,Gtl,Gd,TA,Gd,TA,Av,Unf,Unf,Ex,Gd,Typ,Gd,Fin,TA,TA,Y,NA,NA,7,5
Reg,Gtl,TA,TA,Gd,TA,Gd,GLQ,Unf,TA,TA,Typ,NA,Unf,TA,TA,Y,NA,NA,5,5
Reg,Gtl,TA,TA,TA,TA,No,BLQ,Unf,TA,Gd,Min2,TA,Unf,TA,TA,Y,NA,MnPrv,4,3
Reg,Gtl,TA,TA,Gd,TA,Mn,BLQ,Unf,TA,TA,Typ,NA,NA,NA,NA,Y,NA,MnPrv,5,5
Reg,Gtl,TA,TA,TA,TA,Mn,Unf,Unf,TA,Fa,Typ,NA,Unf,Fa,TA,N,NA,NA,6,4
IR1,Gtl,Gd,TA,Gd,TA,No,GLQ,Unf,Ex,Gd,Typ,TA,RFn,TA,TA,Y,NA,NA,8,5
IR1,Gtl,TA,TA,Gd,TA,Av,Unf,Unf,Gd,TA,Typ,TA,Fin,TA,TA,Y,NA,NA,6,5
Reg,Gtl,TA,TA,TA,TA,No,Unf,Unf,TA,TA,Typ,Gd,Unf,TA,TA,Y,NA,NA,6,5
Reg,Gtl,TA,TA,TA,TA,No,BLQ,Unf,TA,TA,Typ,NA,Unf,TA,TA,Y,NA,NA,6,5
Reg,Gtl,TA,Gd,TA,TA,No,Unf,Unf,Gd,TA,Typ,NA,NA,NA,NA,N,NA,NA,5,8
IR1,Mod,TA,TA,TA,TA,Gd,ALQ,Unf,TA,Gd,Typ,TA,RFn,TA,TA,Y,NA,NA,6,5
IR1,Gtl,TA,Fa,TA,TA,No,BLQ,Unf,TA,TA,Maj1,Gd,Unf,TA,TA,Y,NA,NA,5,5
Reg,Gtl,TA,TA,TA,TA,Mn,ALQ,Unf,TA,TA,Typ,NA,Unf,TA,TA,Y,NA,NA,5,7
IR1,Gtl,TA,Gd,TA,TA,No,ALQ,Unf,Ex,Gd,Typ,TA,Unf,TA,TA,Y,NA,NA,5,7
Reg,Gtl,Gd,TA,Ex,TA,Gd,GLQ,Unf,Ex,Gd,Typ,TA,RFn,TA,TA,Y,NA,NA,8,5
Reg,Gtl,TA,TA,TA,TA,No,GLQ,Unf,TA,TA,Typ,NA,NA,NA,NA,Y,NA,NA,5,3
Reg,Gtl,TA,Fa,Gd,TA,No,BLQ,Unf,Fa,Fa,Typ,NA,Unf,TA,TA,Y,NA,MnPrv,4,4
Reg,Gtl,TA,TA,TA,TA,No,Unf,Unf,Ex,TA,Typ,Gd,Unf,TA,TA,Y,NA,NA,5,6
Reg,Gtl,Gd,TA,Gd,TA,No,GLQ,Unf,TA,Gd,Typ,TA,Unf,TA,TA,Y,NA,NA,6,5
Reg,Gtl,TA,TA,TA,TA,No,Rec,Unf,Ex,Fa,Typ,Gd,Unf,TA,TA,Y,NA,NA,7,7
Reg,Gtl,TA,TA,TA,TA,No,Unf,Unf,TA,TA,Typ,Gd,Unf,TA,TA,Y,NA,NA,7,7
Reg,Gtl,TA,Gd,TA,TA,No,ALQ,Unf,Ex,TA,Typ,NA,Unf,TA,TA,Y,NA,NA,7,9
IR1,Gtl,TA,TA,TA,TA,No,Unf,Unf,Ex,Gd,Typ,Gd,Unf,TA,TA,Y,NA,GdPrv,6,5
Reg,Gtl,TA,TA,TA,TA,No,BLQ,Unf,TA,Fa,Typ,Gd,Fin,TA,TA,Y,NA,NA,5,4
IR1,Gtl,TA,TA,TA,TA,No,ALQ,GLQ,Ex,Ex,Typ,Gd,Fin,TA,TA,Y,NA,NA,6,7
Reg,Gtl,Gd,Gd,TA,TA,Av,ALQ,Unf,Ex,TA,Typ,NA,Unf,TA,TA,Y,NA,NA,6,8
IR1,Gtl,TA,TA,TA,TA,Gd,ALQ,Unf,TA,Gd,Typ,Gd,Unf,TA,TA,Y,NA,GdPrv,7,6
IR1,Gtl,Gd,Gd,Gd,TA,Gd,ALQ,Unf,TA,Gd,Typ,Fa,RFn,TA,TA,Y,NA,NA,5,8
Reg,Gtl,TA,Gd,TA,TA,Gd,ALQ,Unf,Gd,Gd,Typ,Gd,RFn,TA,TA,Y,NA,MnPrv,5,8
IR1,Gtl,Gd,TA,Gd,TA,No,GLQ,Unf,Ex,Gd,Typ,Gd,RFn,TA,TA,Y,NA,NA,7,5
Reg,Gtl,Gd,TA,Gd,TA,No,Unf,Unf,Ex,Gd,Typ,NA,RFn,TA,TA,Y,NA,NA,8,5
Reg,Gtl,Gd,TA,TA,TA,No,ALQ,Unf,TA,Gd,Typ,TA,RFn,Gd,TA,Y,NA,NA,6,6
Reg,Gtl,TA,TA,Gd,TA,No,ALQ,Unf,Fa,TA,Typ,TA,Unf,TA,TA,Y,NA,NA,6,5
IR1,Gtl,Gd,TA,TA,TA,No,BLQ,Unf,Ex,Gd,Typ,Gd,Unf,TA,TA,Y,NA,NA,6,7
Reg,Gtl,TA,TA,Gd,TA,No,BLQ,Unf,Gd,TA,Typ,Po,Fin,TA,TA,Y,NA,NA,5,5
Reg,Gtl,TA,TA,Gd,TA,Av,GLQ,Unf,TA,TA,Typ,NA,Unf,Fa,TA,Y,NA,NA,4,4
IR1,Gtl,TA,TA,Gd,TA,Gd,ALQ,Rec,Ex,Gd,Typ,TA,Unf,TA,TA,Y,NA,NA,5,7
IR1,Gtl,Gd,TA,Gd,TA,No,Unf,Unf,Ex,Gd,Typ,NA,RFn,TA,TA,Y,NA,NA,7,5
IR1,Gtl,Gd,TA,Gd,TA,Av,Unf,Unf,Ex,Gd,Typ,NA,RFn,TA,TA,Y,NA,NA,8,5
IR1,Gtl,TA,TA,Gd,TA,No,GLQ,Unf,Ex,TA,Typ,TA,Fin,TA,TA,Y,NA,NA,6,5
Reg,Gtl,TA,TA,TA,TA,No,Rec,Unf,Ex,Gd,Typ,TA,Unf,TA,TA,Y,NA,NA,6,7
IR1,Gtl,Gd,Gd,Ex,TA,Gd,GLQ,Unf,Ex,Gd,Typ,TA,Fin,TA,TA,Y,NA,NA,10,5
Reg,Gtl,TA,TA,TA,TA,Av,ALQ,Unf,TA,TA,Typ,Po,Fin,TA,TA,Y,Gd,GdPrv,6,6
Reg,Gtl,TA,TA,TA,TA,No,ALQ,Unf,Ex,TA,Typ,TA,RFn,TA,TA,Y,NA,NA,6,6
IR1,Gtl,Gd,TA,Gd,TA,No,Unf,Unf,Ex,Gd,Typ,NA,Fin,TA,TA,Y,NA,NA,7,5
IR1,Gtl,TA,TA,TA,TA,No,Rec,BLQ,TA,Ex,Maj1,Gd,NA,NA,NA,Y,NA,MnPrv,5,6
IR1,Gtl,TA,TA,Gd,TA,No,Rec,Unf,TA,TA,Typ,Gd,Unf,TA,TA,Y,NA,NA,6,8
Reg,Gtl,Gd,TA,Gd,TA,No,GLQ,Unf,Ex,Gd,Typ,TA,Fin,TA,TA,Y,NA,NA,8,5
IR1,Gtl,TA,TA,TA,TA,No,ALQ,Unf,TA,TA,Typ,NA,Unf,TA,TA,Y,NA,MnPrv,5,5
Reg,Gtl,TA,TA,TA,TA,No,Rec,Unf,TA,TA,Typ,NA,Unf,TA,TA,N,NA,NA,6,8
IR1,Gtl,TA,TA,TA,TA,No,Unf,Unf,Ex,TA,Typ,Gd,Unf,Fa,TA,Y,NA,NA,5,6
Reg,Gtl,TA,TA,NA,NA,NA,NA,NA,Gd,TA,Min2,Gd,NA,NA,NA,N,NA,NA,5,5
IR2,Gtl,TA,TA,Gd,TA,No,LwQ,Unf,Ex,TA,Typ,NA,Fin,TA,TA,Y,NA,GdPrv,7,5
IR1,Mod,Ex,TA,Ex,TA,Gd,GLQ,Unf,Ex,Gd,Typ,Gd,Fin,TA,TA,Y,NA,NA,8,5
IR1,Gtl,Gd,TA,Ex,TA,Av,GLQ,Unf,Ex,Ex,Typ,TA,Fin,TA,TA,Y,Ex,MnPrv,10,5
Reg,Gtl,TA,TA,TA,TA,No,Rec,Unf,Ex,TA,Typ,Gd,Unf,TA,TA,Y,NA,NA,5,6
Reg,Mod,TA,TA,TA,TA,Gd,Rec,Unf,Gd,TA,Typ,TA,RFn,TA,TA,Y,NA,NA,5,4
Reg,Gtl,TA,Gd,TA,TA,No,BLQ,Unf,Gd,TA,Typ,NA,Unf,TA,TA,Y,NA,NA,5,7
IR1,Mod,TA,TA,Fa,TA,Mn,BLQ,Unf,TA,TA,Typ,NA,Unf,Fa,Fa,Y,NA,NA,3,5
Reg,Gtl,Gd,TA,Gd,TA,No,GLQ,Unf,Ex,Gd,Typ,Fa,RFn,TA,TA,Y,NA,GdPrv,8,5
IR1,Gtl,Gd,TA,Gd,TA,No,Unf,Unf,Ex,Gd,Typ,NA,RFn,TA,TA,Y,NA,NA,7,5
Reg,Gtl,TA,TA,TA,TA,No,Unf,Unf,Gd,Gd,Typ,TA,Fin,TA,TA,Y,NA,NA,7,5
Reg,Mod,TA,Gd,TA,TA,Av,BLQ,Unf,Ex,TA,Typ,TA,Fin,TA,TA,Y,NA,NA,4,4
Reg,Gtl,Gd,TA,Gd,TA,No,Unf,Unf,Ex,Gd,Typ,NA,Unf,TA,TA,Y,NA,NA,8,5
Reg,Gtl,TA,TA,TA,TA,Mn,Unf,Unf,Gd,Gd,Typ,NA,Unf,TA,Fa,P,NA,GdWo,5,8
Reg,Gtl,TA,TA,Ex,TA,No,GLQ,Unf,Ex,TA,Typ,NA,Fin,TA,TA,Y,NA,NA,6,5
Reg,Gtl,TA,TA,TA,TA,No,ALQ,Unf,TA,TA,Typ,NA,Fin,TA,TA,Y,NA,MnPrv,6,7
IR1,Gtl,TA,TA,Gd,TA,No,Unf,Unf,Ex,Gd,Typ,NA,Fin,TA,TA,Y,NA,NA,6,5
IR1,Gtl,Gd,TA,Gd,TA,Av,Unf,Unf,Ex,Gd,Typ,Gd,Fin,TA,TA,Y,NA,NA,7,5
IR1,Gtl,TA,TA,TA,TA,No,Unf,Unf,Ex,TA,Typ,Gd,Unf,TA,TA,Y,NA,NA,7,6
Reg,Gtl,Gd,TA,Gd,TA,No,Unf,Unf,Ex,Gd,Typ,NA,RFn,TA,TA,Y,NA,NA,7,5
Reg,Gtl,TA,TA,TA,TA,No,Rec,Unf,Gd,TA,Typ,Po,Unf,TA,TA,Y,NA,NA,4,5
Reg,Gtl,TA,TA,TA,TA,No,Unf,Unf,Gd,TA,Typ,NA,Unf,TA,TA,Y,NA,NA,4,5
Reg,Gtl,TA,TA,Gd,TA,Av,Unf,Unf,Ex,Gd,Typ,NA,RFn,TA,TA,Y,NA,NA,7,5
Reg,Gtl,TA,TA,TA,TA,No,Unf,Unf,Ex,TA,Typ,Fa,Unf,TA,TA,N,NA,NA,5,8
Reg,Gtl,Gd,TA,Gd,TA,No,Unf,Unf,Ex,Gd,Typ,TA,Unf,TA,TA,Y,NA,NA,7,5
Reg,Gtl,TA,TA,Gd,TA,No,ALQ,Unf,Ex,TA,Typ,NA,RFn,TA,TA,Y,NA,MnPrv,5,6
IR1,Gtl,Gd,TA,Gd,TA,Mn,ALQ,BLQ,Gd,Gd,Typ,TA,RFn,TA,TA,Y,NA,NA,7,7
Reg,Gtl,TA,TA,TA,TA,No,Rec,Unf,TA,TA,Typ,NA,Unf,TA,TA,Y,NA,MnPrv,4,4
Reg,Gtl,Gd,TA,Gd,TA,Av,GLQ,Unf,Ex,Gd,Typ,NA,RFn,TA,TA,Y,NA,NA,6,5
Reg,Gtl,TA,Gd,TA,TA,No,Rec,BLQ,TA,TA,Typ,NA,Unf,TA,TA,Y,NA,NA,5,7
IR1,Gtl,Gd,TA,Ex,TA,Mn,GLQ,Unf,Ex,Gd,Typ,Gd,RFn,TA,TA,Y,NA,NA,8,5
Reg,Gtl,Gd,TA,Gd,TA,No,Unf,Unf,Ex,Gd,Typ,TA,RFn,TA,TA,Y,NA,GdPrv,6,5
IR1,Mod,Gd,TA,Gd,TA,Av,GLQ,Unf,Gd,TA,Typ,NA,RFn,TA,TA,Y,NA,NA,8,7
Reg,Gtl,TA,TA,TA,TA,No,Rec,Unf,TA,TA,Typ,NA,Unf,TA,TA,N,NA,NA,4,6
IR1,Gtl,TA,Gd,TA,Gd,Av,GLQ,Unf,Ex,TA,Typ,NA,Unf,TA,TA,Y,NA,NA,4,9
IR1,Gtl,TA,TA,TA,TA,Av,BLQ,Unf,TA,TA,Typ,NA,Unf,TA,TA,Y,NA,NA,5,5
IR1,Gtl,TA,TA,TA,TA,No,Rec,LwQ,TA,TA,Typ,NA,RFn,TA,TA,Y,NA,MnPrv,5,5
Reg,Gtl,TA,TA,NA,NA,NA,NA,NA,TA,TA,Typ,NA,Unf,TA,TA,Y,NA,NA,6,5
Reg,Gtl,Gd,TA,Gd,TA,Mn,GLQ,Unf,Ex,Gd,Typ,NA,RFn,TA,TA,Y,NA,NA,8,5
Reg,Gtl,TA,TA,NA,NA,NA,NA,NA,Gd,TA,Typ,NA,NA,NA,NA,N,NA,NA,4,5
Reg,Gtl,TA,TA,TA,TA,No,Unf,Unf,TA,TA,Typ,NA,NA,NA,NA,N,NA,NA,6,5
IR1,Gtl,TA,TA,TA,TA,No,Rec,LwQ,TA,TA,Typ,NA,Unf,TA,TA,Y,NA,NA,5,5
Reg,Gtl,TA,TA,TA,TA,No,BLQ,LwQ,Ex,TA,Typ,TA,Unf,TA,TA,Y,NA,NA,5,5
Reg,Gtl,TA,TA,TA,TA,Mn,Rec,Unf,Ex,TA,Typ,Gd,Unf,TA,TA,Y,NA,GdWo,6,6
Reg,Gtl,TA,TA,TA,Fa,No,LwQ,Unf,TA,TA,Mod,NA,Unf,TA,TA,Y,NA,MnPrv,5,3
IR1,Gtl,Gd,TA,Gd,TA,Av,GLQ,Unf,Ex,Gd,Typ,Gd,Fin,TA,TA,Y,NA,NA,7,5
Reg,Gtl,TA,Gd,TA,TA,Av,GLQ,Unf,Ex,TA,Typ,NA,RFn,TA,TA,Y,NA,MnWw,6,8
IR1,Gtl,Gd,TA,Gd,TA,Mn,Unf,Unf,Ex,Gd,Typ,Gd,Fin,TA,TA,Y,NA,NA,6,5
Reg,Gtl,TA,TA,TA,TA,No,ALQ,Unf,Ex,Gd,Typ,NA,Unf,TA,TA,Y,NA,NA,5,8
Reg,Gtl,Ex,TA,Ex,TA,No,GLQ,Unf,Ex,Ex,Typ,Gd,Fin,TA,TA,Y,NA,NA,9,5
Reg,Gtl,TA,TA,TA,TA,No,ALQ,Unf,Gd,TA,Maj1,NA,Unf,TA,TA,Y,NA,GdWo,5,5
IR1,Gtl,TA,TA,Gd,TA,No,GLQ,Rec,Ex,TA,Typ,TA,RFn,TA,TA,N,NA,NA,5,5
Reg,Gtl,TA,TA,TA,TA,Av,ALQ,Unf,TA,TA,Typ,NA,Unf,TA,TA,Y,NA,GdWo,5,6
Reg,Gtl,TA,TA,NA,NA,NA,NA,NA,TA,TA,Typ,NA,Unf,TA,TA,Y,NA,NA,4,5
IR1,Gtl,TA,TA,TA,TA,No,Rec,Unf,Fa,TA,Typ,NA,RFn,TA,TA,Y,NA,MnPrv,5,5
Reg,Gtl,TA,TA,TA,TA,Av,Unf,Unf,TA,TA,Typ,NA,NA,NA,NA,N,NA,NA,5,6
Reg,Gtl,TA,TA,Gd,TA,Mn,Unf,Unf,Gd,TA,Typ,NA,Unf,Fa,Fa,N,NA,NA,5,5
Reg,Gtl,Gd,TA,Gd,TA,No,Unf,Unf,Ex,Gd,Typ,NA,RFn,TA,TA,Y,NA,NA,7,5
IR2,Gtl,Gd,TA,Gd,TA,No,Unf,Unf,Ex,Gd,Typ,Gd,Fin,TA,TA,Y,NA,NA,7,5
Reg,Gtl,Gd,TA,Gd,TA,No,Unf,Unf,Ex,TA,Typ,NA,Unf,TA,TA,Y,NA,NA,6,5
IR1,Gtl,Gd,TA,Gd,TA,Av,GLQ,Unf,Ex,Ex,Typ,Gd,RFn,TA,TA,Y,NA,NA,8,5
Reg,Gtl,Gd,TA,Gd,TA,No,GLQ,Unf,Ex,Gd,Typ,NA,RFn,TA,TA,Y,NA,NA,7,5
Reg,Gtl,Gd,TA,Gd,TA,Av,Unf,Unf,Ex,Gd,Typ,NA,RFn,TA,TA,Y,NA,NA,7,6
Reg,Gtl,TA,TA,Gd,TA,Gd,GLQ,LwQ,TA,Gd,Typ,TA,RFn,TA,TA,Y,NA,MnPrv,7,6
Reg,Gtl,Ex,TA,Ex,Gd,Gd,GLQ,Unf,Ex,Ex,Typ,Gd,Fin,TA,TA,Y,NA,NA,10,5
IR1,Mod,TA,TA,Gd,TA,No,Unf,Unf,Fa,Gd,Typ,Gd,Unf,TA,TA,Y,NA,NA,8,7
Reg,Gtl,TA,TA,Gd,TA,No,Unf,Unf,Ex,TA,Typ,TA,Fin,TA,TA,Y,NA,NA,6,7
Reg,Gtl,Gd,TA,Gd,TA,No,Unf,Unf,Ex,Gd,Typ,NA,RFn,TA,TA,Y,NA,NA,7,5
IR1,Gtl,TA,TA,TA,TA,Av,GLQ,Unf,TA,TA,Typ,NA,Unf,TA,TA,Y,NA,NA,6,5
Reg,Gtl,TA,TA,Gd,TA,No,Rec,Unf,Fa,TA,Typ,Gd,Unf,Fa,Fa,P,NA,NA,6,5
Reg,Gtl,TA,TA,TA,TA,No,BLQ,Rec,TA,TA,Typ,NA,Unf,TA,TA,Y,NA,NA,5,7
Reg,Gtl,Gd,TA,TA,TA,No,ALQ,Unf,Ex,Ex,Typ,TA,Fin,TA,TA,Y,NA,NA,7,5
IR1,Gtl,Gd,TA,Gd,TA,No,Unf,Unf,Ex,Gd,Typ,Gd,RFn,TA,TA,Y,NA,NA,7,5
Reg,Gtl,TA,TA,TA,TA,No,BLQ,Unf,TA,TA,Typ,NA,RFn,TA,TA,Y,NA,GdWo,5,6
IR1,Gtl,Gd,TA,TA,TA,Gd,LwQ,ALQ,TA,Gd,Typ,Gd,RFn,TA,TA,Y,NA,MnPrv,7,7
Reg,Gtl,Gd,TA,Gd,TA,No,Unf,Unf,Ex,Gd,Typ,Gd,Fin,TA,TA,Y,NA,NA,7,5
Reg,Gtl,TA,TA,TA,Fa,No,LwQ,Unf,TA,TA,Typ,Gd,Unf,TA,TA,Y,NA,NA,6,6
IR1,Gtl,Gd,TA,Gd,TA,Gd,GLQ,Unf,Ex,Gd,Typ,TA,Fin,TA,TA,Y,NA,NA,8,5
Reg,Gtl,TA,TA,Fa,TA,No,Unf,Unf,Ex,TA,Typ,NA,NA,NA,NA,Y,NA,NA,5,8
IR1,Gtl,Gd,TA,Gd,TA,Gd,GLQ,Unf,Ex,Gd,Typ,NA,Fin,TA,TA,Y,NA,NA,7,5
Reg,Gtl,TA,TA,Gd,TA,No,ALQ,LwQ,Gd,TA,Typ,NA,Unf,TA,TA,Y,NA,NA,6,8
IR3,Gtl,TA,TA,Gd,TA,No,Unf,Unf,Ex,TA,Typ,TA,Fin,TA,TA,Y,NA,NA,6,5
Reg,Gtl,TA,TA,TA,TA,No,Rec,Unf,Gd,TA,Typ,NA,Unf,TA,TA,Y,NA,NA,5,6
Reg,Gtl,TA,TA,TA,TA,Av,Unf,Unf,Ex,TA,Min2,TA,Unf,TA,TA,Y,NA,NA,4,5
Reg,Gtl,TA,TA,TA,TA,No,Unf,Unf,Ex,TA,Typ,Gd,Unf,TA,TA,N,NA,GdPrv,6,6
Reg,Gtl,Gd,TA,Gd,TA,No,GLQ,Unf,Ex,Gd,Typ,NA,Fin,TA,TA,Y,NA,NA,6,5
Reg,Gtl,Gd,TA,Gd,TA,No,GLQ,Unf,Ex,Gd,Typ,NA,Unf,TA,TA,Y,NA,NA,7,5
IR1,Gtl,Fa,TA,TA,TA,No,Unf,Unf,TA,TA,Typ,Gd,Unf,TA,TA,N,NA,MnPrv,7,4
IR1,Gtl,Ex,TA,Ex,TA,Gd,Unf,Unf,Ex,Ex,Typ,Gd,Fin,TA,TA,Y,NA,NA,9,5
IR1,Mod,TA,Gd,TA,TA,Mn,Rec,Unf,Ex,Gd,Typ,Gd,Unf,TA,TA,Y,NA,GdWo,8,9
Reg,Gtl,TA,TA,TA,TA,No,BLQ,Unf,TA,TA,Typ,NA,Unf,TA,TA,Y,NA,GdWo,5,5
Reg,Sev,Gd,TA,Gd,TA,Gd,GLQ,Unf,TA,Gd,Typ,TA,Fin,TA,TA,Y,NA,NA,7,6
IR1,Gtl,TA,TA,TA,TA,No,Unf,Unf,Gd,Gd,Typ,Gd,RFn,TA,TA,Y,NA,NA,6,7
IR1,Gtl,TA,TA,TA,TA,No,BLQ,LwQ,TA,TA,Typ,NA,Unf,TA,TA,Y,NA,MnPrv,5,6
IR1,Gtl,TA,TA,TA,TA,Av,ALQ,Unf,Gd,Ex,Typ,Gd,RFn,TA,TA,Y,NA,GdPrv,6,7
Reg,Gtl,TA,TA,TA,TA,No,Unf,Unf,Ex,TA,Typ,Gd,Unf,TA,TA,Y,NA,NA,5,6
Reg,Gtl,TA,TA,TA,TA,No,Rec,Unf,Gd,TA,Typ,NA,Unf,TA,Fa,Y,NA,NA,5,5
IR1,Gtl,TA,TA,TA,Gd,No,BLQ,Unf,TA,TA,Typ,TA,Unf,TA,TA,Y,NA,NA,6,6
IR1,Gtl,TA,TA,Gd,TA,Av,ALQ,Unf,Fa,TA,Typ,Gd,RFn,TA,TA,Y,NA,NA,6,5
Reg,Gtl,Gd,TA,Gd,TA,No,GLQ,Unf,Ex,Gd,Typ,Gd,RFn,TA,TA,Y,NA,NA,8,5
Reg,Gtl,TA,Gd,TA,TA,No,Unf,Unf,TA,TA,Typ,NA,RFn,TA,TA,Y,NA,NA,4,4
IR1,Gtl,Gd,TA,Gd,TA,No,GLQ,Unf,Ex,Gd,Typ,NA,RFn,TA,TA,Y,NA,NA,7,5
IR1,Gtl,TA,TA,Gd,TA,No,ALQ,Unf,TA,TA,Typ,TA,Fin,Gd,Gd,Y,NA,NA,7,5
IR1,Gtl,TA,TA,Gd,TA,Mn,LwQ,Rec,TA,Gd,Typ,NA,Unf,TA,TA,Y,NA,NA,5,7
Reg,Gtl,TA,TA,TA,TA,Av,Unf,Unf,TA,TA,Typ,NA,NA,NA,NA,Y,NA,NA,6,5
Reg,Gtl,TA,TA,TA,TA,No,Unf,Unf,Ex,Gd,Min2,Gd,Unf,TA,TA,Y,NA,NA,6,7
Reg,Gtl,TA,Fa,TA,TA,No,Unf,Unf,Ex,TA,Typ,Gd,Unf,TA,TA,Y,NA,NA,6,6
Reg,Gtl,TA,TA,TA,TA,No,ALQ,Rec,TA,TA,Typ,Gd,Unf,TA,TA,Y,NA,NA,6,5
IR1,Mod,TA,Gd,TA,TA,Av,Rec,Unf,Fa,TA,Typ,NA,Unf,TA,TA,N,NA,NA,5,5
IR1,Gtl,Gd,TA,Gd,TA,No,GLQ,Unf,Ex,Ex,Typ,Ex,Fin,TA,TA,Y,NA,NA,8,5
IR1,Gtl,Gd,TA,Gd,TA,Mn,Unf,Unf,Ex,Ex,Typ,Gd,Fin,TA,TA,Y,NA,NA,8,5
IR1,Gtl,TA,TA,TA,TA,Av,GLQ,Unf,TA,TA,Typ,Gd,RFn,TA,TA,Y,NA,NA,5,7
Reg,Gtl,TA,TA,TA,TA,No,ALQ,Unf,TA,TA,Typ,NA,Unf,TA,TA,Y,NA,NA,5,7
Reg,Gtl,TA,TA,TA,TA,No,Unf,Unf,TA,TA,Min2,NA,RFn,TA,TA,Y,NA,NA,5,4
Reg,Gtl,TA,TA,Gd,TA,No,GLQ,Unf,TA,TA,Typ,TA,RFn,TA,TA,Y,NA,GdWo,7,5
Reg,Gtl,TA,TA,TA,TA,No,Rec,Unf,TA,TA,Typ,NA,Unf,TA,TA,N,NA,NA,5,7
Reg,Gtl,TA,TA,TA,TA,Av,BLQ,Unf,Gd,TA,Typ,NA,RFn,TA,TA,Y,NA,GdWo,5,5
Reg,Gtl,TA,Gd,TA,TA,Mn,ALQ,Unf,Gd,TA,Typ,NA,RFn,TA,TA,Y,NA,MnPrv,5,6
Reg,Gtl,TA,TA,Gd,TA,Gd,GLQ,Unf,Gd,TA,Typ,NA,Fin,TA,TA,Y,NA,NA,6,5
IR3,Gtl,Ex,TA,Ex,TA,Gd,GLQ,Unf,Ex,Ex,Typ,Gd,Fin,TA,TA,Y,Gd,NA,10,5
Reg,Gtl,TA,TA,TA,TA,No,LwQ,Rec,Ex,Gd,Typ,NA,RFn,TA,TA,Y,NA,GdPrv,5,7
IR1,Gtl,Gd,TA,Gd,TA,No,GLQ,Unf,Ex,Gd,Typ,TA,Fin,TA,TA,Y,NA,NA,7,5
IR1,Gtl,TA,TA,TA,TA,No,BLQ,Unf,Fa,Gd,Typ,Gd,Unf,TA,TA,P,NA,NA,6,7
Reg,Gtl,Gd,TA,Gd,TA,No,GLQ,Unf,Ex,Gd,Typ,TA,RFn,TA,TA,Y,NA,NA,8,5
Reg,Gtl,Gd,TA,Gd,TA,Av,Unf,Unf,Ex,Gd,Typ,NA,RFn,TA,TA,Y,NA,NA,7,5
Reg,Gtl,Gd,TA,Gd,TA,No,Unf,Unf,Ex,Gd,Maj1,NA,Unf,TA,TA,Y,NA,NA,7,5
IR1,Gtl,Gd,TA,Ex,TA,No,GLQ,Unf,Ex,Ex,Typ,Ex,Fin,TA,TA,Y,NA,NA,9,5
IR1,Gtl,Gd,TA,Gd,TA,No,Unf,Unf,Ex,Gd,Typ,Gd,RFn,TA,TA,Y,NA,NA,7,5
Reg,Gtl,TA,Gd,Gd,Gd,No,ALQ,Unf,Ex,TA,Typ,NA,Unf,TA,TA,Y,NA,NA,5,5
Reg,Gtl,TA,TA,TA,TA,No,GLQ,ALQ,Ex,Gd,Typ,NA,Unf,TA,TA,Y,NA,GdWo,5,7
Reg,Gtl,TA,TA,Gd,TA,No,GLQ,Unf,Gd,Gd,Typ,NA,RFn,TA,TA,Y,NA,GdWo,6,5
Reg,Gtl,Gd,Gd,Gd,TA,Av,GLQ,Unf,TA,Ex,Typ,TA,Fin,TA,TA,Y,NA,NA,7,8
Reg,Gtl,Gd,TA,Gd,TA,No,GLQ,Unf,Ex,Gd,Typ,NA,RFn,TA,TA,Y,NA,NA,7,5
IR1,Gtl,Gd,TA,Ex,TA,No,GLQ,Unf,Ex,Gd,Typ,Ex,RFn,Gd,Gd,Y,NA,NA,8,5
IR1,Gtl,Gd,TA,Gd,TA,No,Unf,Unf,Ex,Gd,Typ,TA,Fin,TA,TA,Y,NA,NA,9,5
Reg,Gtl,TA,TA,TA,TA,No,Rec,Unf,Ex,TA,Typ,TA,Unf,TA,TA,Y,NA,NA,4,6
Reg,Gtl,TA,TA,Fa,TA,Mn,ALQ,LwQ,TA,TA,Typ,Gd,Unf,TA,TA,Y,NA,NA,6,5
IR1,Gtl,Gd,TA,Ex,TA,Gd,Unf,Unf,Ex,Ex,Typ,Gd,RFn,TA,TA,Y,NA,NA,8,5
Reg,Gtl,Gd,TA,Ex,Gd,No,Unf,Unf,Ex,Gd,Typ,Gd,RFn,TA,TA,Y,NA,NA,7,5
IR2,Gtl,Gd,TA,Gd,TA,Gd,Unf,Unf,Ex,Gd,Typ,TA,RFn,TA,TA,Y,NA,NA,8,5
Reg,Gtl,TA,TA,TA,TA,No,ALQ,Unf,Ex,TA,Typ,NA,Unf,TA,TA,Y,NA,NA,4,5
Reg,Gtl,TA,TA,TA,TA,No,ALQ,Rec,Gd,TA,Typ,Gd,RFn,TA,TA,Y,NA,NA,6,3
IR1,Gtl,TA,TA,NA,NA,NA,NA,NA,TA,TA,Typ,NA,Unf,TA,Fa,Y,NA,NA,3,6
IR1,Gtl,Gd,TA,Gd,TA,No,GLQ,Unf,Ex,Gd,Typ,TA,RFn,TA,TA,Y,NA,NA,7,5
Reg,Gtl,Fa,TA,TA,TA,No,LwQ,Unf,Gd,Fa,Typ,NA,NA,NA,NA,Y,NA,NA,4,7
Reg,Gtl,Gd,TA,Ex,TA,Av,Unf,Unf,Ex,Gd,Typ,Gd,RFn,TA,TA,Y,NA,NA,8,5
Reg,Gtl,TA,TA,TA,Fa,No,Unf,Unf,Fa,TA,Typ,NA,NA,NA,NA,N,NA,MnPrv,4,4
Reg,Mod,TA,TA,TA,TA,No,Rec,Unf,Ex,Gd,Typ,NA,NA,NA,NA,Y,NA,NA,3,6
Reg,Gtl,Gd,Gd,TA,TA,No,ALQ,Unf,Ex,Gd,Typ,Ex,Unf,TA,TA,Y,NA,MnPrv,5,9
Reg,Gtl,Gd,Gd,Gd,TA,No,LwQ,Unf,Ex,TA,Mod,TA,Unf,Fa,TA,Y,NA,MnPrv,6,7
IR1,Gtl,TA,TA,Gd,TA,No,Unf,Unf,Gd,TA,Typ,TA,Fin,TA,TA,Y,NA,NA,7,5
Reg,Gtl,Gd,TA,Gd,Gd,Av,Unf,Unf,Ex,Gd,Typ,Gd,RFn,TA,TA,Y,NA,NA,8,5
IR1,Gtl,TA,TA,TA,TA,Av,ALQ,Unf,Gd,TA,Typ,NA,Unf,TA,TA,Y,NA,NA,5,5
Reg,Mod,TA,TA,TA,TA,Mn,ALQ,Unf,Ex,TA,Typ,Gd,Unf,Fa,Fa,Y,NA,NA,4,6
Reg,Gtl,TA,TA,TA,TA,No,Unf,Unf,Ex,Gd,Typ,NA,Unf,TA,TA,Y,NA,MnPrv,5,6
Reg,Gtl,TA,TA,TA,TA,No,LwQ,Unf,TA,TA,Min1,NA,Unf,TA,TA,Y,NA,NA,5,6
Reg,Gtl,TA,TA,Gd,TA,No,ALQ,Unf,TA,TA,Typ,TA,RFn,TA,TA,Y,NA,NA,6,5
IR1,Gtl,TA,TA,TA,TA,No,Unf,Unf,TA,TA,Typ,NA,Unf,TA,TA,Y,NA,NA,5,5
IR1,Mod,TA,TA,TA,TA,No,Unf,Unf,Fa,Fa,Typ,NA,NA,NA,NA,N,NA,NA,4,4
IR1,Gtl,Gd,TA,Gd,TA,No,GLQ,Unf,Ex,Gd,Typ,NA,RFn,TA,TA,Y,NA,NA,7,5
IR1,Gtl,TA,Gd,TA,TA,Mn,Rec,Unf,Ex,TA,Typ,NA,RFn,TA,TA,Y,NA,NA,5,7
Reg,Gtl,TA,TA,TA,TA,No,Unf,Unf,TA,TA,Typ,NA,Unf,TA,TA,Y,NA,GdWo,4,5
Reg,Gtl,TA,TA,Gd,TA,No,GLQ,Unf,Ex,Gd,Typ,NA,Unf,TA,TA,Y,NA,NA,6,5
Reg,Gtl,Gd,TA,Gd,TA,No,Unf,Unf,Ex,Gd,Typ,Gd,RFn,TA,TA,Y,NA,NA,8,5
Reg,Gtl,TA,TA,TA,TA,No,Unf,Unf,Gd,TA,Typ,TA,Unf,Fa,Fa,Y,NA,NA,6,6
IR1,Gtl,Gd,TA,Gd,TA,No,Unf,Unf,Ex,Gd,Typ,TA,Fin,TA,TA,Y,NA,NA,7,5
Reg,Gtl,TA,TA,TA,TA,No,ALQ,Unf,Gd,Fa,Typ,NA,Unf,TA,TA,Y,NA,NA,4,4
IR2,Gtl,TA,TA,TA,TA,No,BLQ,Rec,TA,TA,Typ,Gd,RFn,Gd,TA,Y,NA,NA,7,7
IR1,Gtl,Gd,TA,Ex,TA,Gd,GLQ,Unf,Ex,Gd,Typ,Gd,Fin,TA,TA,Y,NA,NA,8,5
IR3,Gtl,Gd,TA,Gd,TA,Gd,GLQ,Unf,Ex,Gd,Typ,Fa,RFn,TA,TA,Y,NA,NA,7,5
Reg,Gtl,TA,Gd,TA,Fa,No,LwQ,Unf,Fa,TA,Typ,NA,NA,NA,NA,Y,NA,NA,8,5
Reg,Gtl,TA,TA,TA,TA,No,LwQ,Unf,TA,TA,Typ,NA,Unf,TA,TA,Y,NA,NA,5,5
IR1,Gtl,TA,TA,TA,TA,No,Rec,Unf,Ex,TA,Typ,Gd,Fin,TA,TA,Y,NA,NA,6,6
Reg,Gtl,Gd,TA,TA,TA,No,Unf,Unf,TA,TA,Typ,NA,Unf,TA,TA,N,NA,NA,6,9
IR1,Gtl,Gd,TA,Gd,TA,Av,GLQ,Unf,Ex,Gd,Typ,Ex,Fin,TA,TA,Y,NA,NA,8,5
IR1,Gtl,Gd,TA,Gd,TA,No,GLQ,Unf,Ex,Gd,Typ,TA,RFn,TA,TA,Y,NA,NA,7,5
IR1,Gtl,TA,TA,TA,TA,No,Unf,Unf,Gd,Gd,Typ,TA,RFn,TA,TA,Y,NA,GdPrv,7,6
Reg,Gtl,TA,TA,TA,TA,No,Rec,Unf,TA,TA,Typ,NA,RFn,TA,TA,Y,NA,GdWo,5,5
IR1,Gtl,TA,TA,TA,TA,No,GLQ,Unf,Ex,TA,Typ,Fa,Fin,TA,TA,Y,NA,NA,5,6
Reg,Gtl,Gd,TA,Gd,TA,No,GLQ,Unf,Ex,Gd,Typ,NA,Unf,TA,TA,Y,NA,NA,6,5
Reg,Gtl,Gd,TA,Ex,TA,Av,GLQ,Unf,Ex,Ex,Typ,Gd,Fin,TA,TA,Y,NA,NA,9,5
Reg,Gtl,TA,TA,TA,Fa,No,Unf,Unf,Ex,TA,Typ,NA,RFn,TA,TA,Y,NA,NA,5,6
IR1,Mod,Gd,TA,Ex,TA,Av,ALQ,Unf,Ex,Gd,Typ,Gd,Fin,TA,TA,Y,NA,NA,7,5
IR1,Gtl,TA,Gd,TA,Fa,No,Unf,Unf,Gd,TA,Typ,Gd,Unf,TA,TA,Y,NA,NA,4,4
IR1,Gtl,TA,TA,Gd,TA,No,Unf,Unf,Ex,Gd,Typ,Gd,Fin,TA,TA,Y,NA,NA,6,5
Reg,Gtl,Gd,TA,Gd,TA,No,Unf,Unf,Ex,Gd,Typ,NA,RFn,TA,TA,Y,NA,NA,7,5
Reg,Gtl,Gd,TA,Gd,TA,No,GLQ,Unf,Ex,Gd,Typ,NA,RFn,TA,TA,Y,NA,NA,7,5
IR1,Gtl,Gd,TA,Gd,TA,No,GLQ,Unf,Ex,Gd,Typ,NA,RFn,TA,TA,Y,NA,NA,7,5
Reg,Gtl,TA,TA,TA,TA,No,ALQ,Rec,Ex,TA,Typ,TA,RFn,TA,TA,Y,NA,NA,5,6
Reg,Gtl,Gd,TA,Gd,TA,Av,GLQ,Unf,Ex,Gd,Typ,NA,Fin,TA,TA,Y,NA,NA,6,5
IR2,Gtl,Gd,TA,Gd,TA,Av,BLQ,GLQ,Ex,Gd,Typ,TA,Fin,TA,TA,Y,NA,NA,8,5
Reg,Gtl,Fa,TA,TA,TA,No,ALQ,Rec,Ex,TA,Typ,NA,Fin,TA,TA,Y,NA,NA,4,6
Reg,Gtl,TA,TA,TA,TA,Av,BLQ,Unf,Gd,Gd,Typ,TA,RFn,TA,TA,Y,NA,MnPrv,6,6
Reg,Gtl,TA,TA,Gd,TA,Av,GLQ,Unf,Ex,Gd,Typ,TA,RFn,TA,TA,Y,NA,NA,7,6
Reg,Gtl,Ex,TA,Ex,TA,Gd,GLQ,Unf,Ex,Ex,Typ,Gd,RFn,TA,TA,Y,NA,NA,10,5
Reg,Gtl,Gd,TA,Gd,TA,No,Unf,Unf,Ex,Gd,Typ,Gd,Fin,TA,TA,Y,NA,NA,7,5
IR1,Gtl,Gd,TA,Gd,TA,Gd,Unf,Unf,Ex,Gd,Typ,Gd,Fin,TA,TA,Y,NA,NA,8,5
Reg,Gtl,TA,TA,Gd,TA,Mn,Rec,Unf,TA,TA,Typ,NA,Unf,Fa,TA,Y,NA,NA,6,5
Reg,Gtl,TA,TA,TA,TA,No,LwQ,BLQ,Ex,TA,Min2,NA,Unf,TA,TA,Y,NA,NA,5,5
Reg,Gtl,TA,TA,TA,Fa,No,BLQ,Unf,TA,TA,Typ,NA,Unf,TA,TA,Y,NA,NA,6,5
Reg,Gtl,TA,TA,Gd,TA,No,Unf,Unf,Gd,Gd,Typ,NA,Fin,TA,TA,Y,NA,NA,5,5
Reg,Gtl,TA,Fa,TA,Fa,No,Rec,Unf,TA,TA,Typ,NA,Unf,TA,Fa,Y,NA,NA,3,3
IR1,Gtl,TA,TA,TA,TA,Mn,BLQ,Unf,Ex,TA,Typ,Gd,Fin,TA,TA,Y,NA,NA,6,7
Reg,Gtl,TA,TA,Fa,TA,No,Unf,Unf,Ex,Gd,Typ,NA,Unf,TA,TA,N,NA,NA,7,7
Reg,Gtl,TA,Gd,TA,TA,No,Unf,Unf,Ex,Gd,Typ,NA,Unf,TA,TA,N,NA,NA,5,7
Reg,Gtl,TA,TA,TA,TA,Mn,Rec,Unf,TA,TA,Typ,NA,Unf,TA,TA,P,NA,MnPrv,6,5
Reg,Gtl,TA,Gd,TA,TA,No,BLQ,Unf,Gd,Gd,Typ,NA,Unf,TA,TA,N,NA,MnPrv,4,8
IR1,Gtl,TA,TA,Gd,TA,No,BLQ,LwQ,TA,Gd,Typ,TA,RFn,TA,TA,Y,Fa,MnPrv,7,5
Reg,Gtl,TA,Gd,TA,TA,No,Rec,LwQ,TA,Gd,Typ,Gd,Unf,TA,TA,Y,NA,GdWo,6,7
IR1,Gtl,Ex,TA,Ex,TA,Gd,GLQ,Unf,Ex,Ex,Typ,Gd,Fin,TA,TA,Y,NA,NA,9,5
Reg,Gtl,TA,Gd,TA,Gd,No,ALQ,Unf,Ex,TA,Typ,Gd,Unf,TA,TA,Y,NA,NA,6,6
Reg,Gtl,Gd,TA,Gd,TA,Av,GLQ,Unf,Ex,Gd,Typ,NA,RFn,TA,TA,Y,NA,NA,7,5
Reg,Gtl,TA,TA,TA,TA,No,Unf,Unf,TA,TA,Mod,NA,Unf,TA,TA,Y,NA,NA,5,5
Reg,Gtl,TA,TA,TA,TA,Av,ALQ,Unf,TA,TA,Typ,Po,RFn,TA,TA,Y,NA,MnWw,5,5
Reg,Gtl,TA,TA,Fa,TA,No,Unf,Unf,Ex,TA,Typ,TA,Unf,Gd,TA,Y,NA,NA,6,7
Reg,Gtl,Gd,TA,Gd,TA,Av,GLQ,Unf,Ex,Gd,Typ,Gd,Fin,TA,TA,Y,NA,NA,7,5
IR1,Gtl,Gd,TA,Gd,Gd,Gd,Unf,Unf,Ex,Gd,Typ,Gd,Fin,TA,TA,Y,NA,NA,8,5
IR1,Sev,TA,TA,TA,TA,Av,BLQ,Rec,TA,TA,Min1,TA,Unf,TA,TA,N,NA,NA,5,5
Reg,Gtl,TA,TA,TA,TA,Mn,Unf,Unf,Ex,TA,Typ,NA,Unf,Fa,Fa,N,NA,NA,5,8
Reg,Gtl,TA,TA,TA,TA,No,Rec,BLQ,Gd,TA,Min1,NA,Unf,TA,TA,Y,NA,GdPrv,5,4
Reg,Gtl,TA,TA,TA,TA,No,BLQ,Unf,Ex,Gd,Typ,Gd,Unf,Fa,TA,Y,NA,MnPrv,6,6
Reg,Gtl,TA,TA,TA,TA,No,Unf,Unf,TA,TA,Typ,Gd,RFn,TA,TA,Y,NA,NA,6,7
IR1,Gtl,TA,TA,TA,TA,No,GLQ,Unf,Ex,TA,Typ,TA,Fin,TA,TA,Y,NA,NA,6,5
Reg,Gtl,Gd,TA,Gd,Gd,Av,Unf,Unf,Ex,Gd,Typ,Gd,RFn,TA,TA,Y,NA,NA,7,5
IR1,Gtl,Gd,TA,Gd,TA,Gd,GLQ,Unf,Ex,Gd,Typ,NA,Unf,TA,TA,Y,NA,NA,8,5
Reg,Gtl,TA,TA,TA,TA,No,Unf,Unf,TA,TA,Typ,NA,Unf,TA,TA,Y,NA,MnPrv,3,4
IR1,Mod,Gd,TA,Ex,TA,Gd,GLQ,Unf,Ex,Gd,Typ,Gd,Fin,TA,TA,Y,NA,NA,8,5
Reg,Gtl,TA,TA,Gd,TA,Av,GLQ,Unf,TA,TA,Typ,NA,Unf,TA,TA,Y,NA,MnPrv,5,7
IR1,Gtl,TA,TA,TA,TA,No,ALQ,Unf,Ex,TA,Typ,NA,NA,NA,NA,Y,NA,MnPrv,5,5
Reg,Gtl,TA,TA,Fa,TA,No,Unf,Unf,Gd,TA,Typ,NA,Unf,TA,TA,Y,NA,NA,4,7
IR1,Gtl,TA,Gd,Gd,TA,No,Unf,Unf,Gd,TA,Typ,TA,Fin,TA,TA,Y,NA,MnPrv,7,6
Reg,Gtl,Gd,TA,Gd,TA,No,GLQ,Unf,Ex,Gd,Typ,NA,RFn,TA,TA,Y,NA,NA,7,5
Reg,Gtl,TA,Gd,TA,TA,No,BLQ,Unf,Ex,TA,Min2,NA,Unf,TA,TA,Y,NA,MnPrv,6,8
Reg,Gtl,TA,TA,NA,NA,NA,NA,NA,Fa,TA,Typ,NA,Unf,TA,TA,Y,NA,NA,4,5
IR1,Gtl,Gd,TA,Gd,Gd,No,GLQ,Unf,Ex,Gd,Typ,Gd,Fin,TA,TA,Y,NA,NA,8,5
Reg,Gtl,TA,TA,TA,TA,No,Unf,Unf,Gd,Gd,Typ,Gd,Unf,TA,TA,N,NA,NA,6,7
Reg,Gtl,Gd,TA,Gd,TA,No,ALQ,Unf,Ex,Gd,Typ,TA,RFn,TA,TA,Y,NA,NA,7,5
Reg,Gtl,TA,TA,TA,TA,No,Unf,Unf,Gd,TA,Typ,NA,Unf,TA,TA,N,NA,NA,4,6
IR1,Gtl,Gd,TA,Gd,TA,Mn,GLQ,Unf,Ex,Gd,Typ,TA,Fin,TA,TA,Y,NA,NA,8,5
Reg,Gtl,TA,TA,TA,TA,No,BLQ,Rec,TA,TA,Typ,NA,Unf,TA,TA,Y,NA,NA,5,5
IR1,Gtl,Gd,Gd,TA,TA,Av,Rec,Unf,Gd,Gd,Typ,TA,RFn,TA,TA,Y,NA,NA,6,5
Reg,Gtl,TA,TA,TA,TA,No,ALQ,Unf,Gd,TA,Typ,TA,RFn,TA,TA,Y,NA,NA,6,6
Reg,Gtl,TA,TA,Gd,TA,No,ALQ,Unf,TA,TA,Typ,Fa,RFn,TA,TA,Y,NA,NA,6,5
Reg,Gtl,Gd,TA,Gd,TA,Av,GLQ,Unf,Ex,Gd,Typ,NA,Fin,TA,TA,Y,NA,NA,6,5
IR1,Gtl,Gd,Gd,Gd,TA,Av,Unf,Unf,TA,Gd,Typ,Gd,Unf,Gd,Gd,Y,Gd,GdPrv,6,7
Reg,Gtl,TA,TA,TA,TA,No,ALQ,Rec,TA,TA,Min1,TA,Unf,TA,TA,Y,NA,GdWo,5,5
IR1,Gtl,Gd,TA,TA,TA,No,Unf,Unf,Ex,Gd,Typ,NA,Unf,TA,TA,Y,NA,NA,6,6
IR1,Gtl,Gd,TA,Gd,TA,No,GLQ,Unf,Ex,Gd,Typ,TA,RFn,TA,TA,Y,NA,NA,7,5
Reg,Gtl,TA,TA,TA,TA,No,BLQ,Unf,TA,TA,Typ,TA,Unf,TA,TA,Y,NA,NA,5,6
Reg,Gtl,TA,Gd,TA,TA,No,BLQ,Unf,TA,Gd,Typ,Gd,Unf,TA,TA,Y,NA,MnPrv,5,7
IR1,Gtl,Gd,Gd,Gd,TA,No,BLQ,Unf,Ex,Gd,Typ,TA,Fin,TA,TA,Y,NA,NA,6,7
IR3,Gtl,Gd,TA,Gd,Gd,Av,Unf,Unf,Ex,TA,Typ,Gd,Fin,TA,TA,Y,NA,NA,5,5
IR1,Gtl,TA,TA,Gd,TA,No,LwQ,Unf,TA,TA,Typ,NA,RFn,TA,TA,Y,NA,NA,6,6
Reg,Gtl,TA,TA,TA,TA,No,Unf,Unf,TA,TA,Typ,NA,Unf,Fa,Fa,Y,NA,NA,4,6
IR1,Gtl,TA,TA,Gd,TA,No,Unf,Unf,Ex,TA,Typ,TA,Fin,TA,TA,Y,NA,NA,6,5
Reg,Mod,TA,TA,TA,TA,No,ALQ,Unf,Fa,TA,Typ,Gd,RFn,TA,TA,P,NA,NA,5,5
Reg,Gtl,Gd,Gd,TA,TA,No,Unf,Unf,TA,Gd,Typ,Gd,RFn,TA,TA,Y,NA,GdPrv,6,9
Reg,Gtl,TA,TA,TA,TA,No,ALQ,Unf,TA,TA,Typ,NA,Unf,TA,TA,Y,NA,GdWo,4,6
Reg,Gtl,Ex,TA,Ex,TA,Av,GLQ,Unf,Ex,Ex,Typ,Gd,Fin,TA,TA,Y,NA,NA,8,5
Reg,Gtl,TA,TA,TA,TA,No,GLQ,Unf,TA,TA,Typ,NA,Unf,TA,TA,Y,NA,MnPrv,6,7
Reg,Gtl,TA,TA,TA,TA,No,GLQ,Rec,TA,TA,Typ,TA,RFn,TA,TA,Y,NA,NA,7,6
IR1,Mod,TA,TA,Ex,TA,No,Unf,Unf,Fa,TA,Min1,Gd,Fin,TA,TA,Y,NA,NA,6,7
Reg,Gtl,Gd,TA,Gd,TA,Av,GLQ,Unf,Ex,Gd,Typ,TA,RFn,TA,TA,Y,NA,NA,6,5
Reg,Gtl,Ex,TA,Ex,TA,Av,GLQ,Unf,Ex,Ex,Typ,Ex,Fin,TA,TA,Y,NA,NA,10,5
Reg,Gtl,TA,TA,TA,TA,No,Unf,Unf,Fa,Fa,Typ,Gd,Unf,Fa,Po,P,NA,NA,6,6
Reg,Gtl,Gd,TA,Gd,TA,Av,Unf,Unf,Ex,Gd,Typ,NA,RFn,TA,TA,Y,NA,NA,7,5
Reg,Gtl,TA,TA,TA,TA,Gd,LwQ,Rec,Gd,TA,Typ,NA,Unf,TA,TA,Y,NA,NA,6,5
IR1,Gtl,TA,TA,TA,TA,No,Rec,Unf,TA,TA,Typ,NA,Unf,TA,TA,P,NA,NA,5,7
Reg,Gtl,Gd,TA,Gd,TA,No,GLQ,Unf,Ex,Gd,Typ,TA,RFn,TA,TA,Y,NA,NA,8,5
Reg,Gtl,TA,TA,Fa,TA,No,Unf,Unf,Gd,TA,Min2,NA,Unf,Fa,TA,Y,NA,GdWo,4,7
Reg,Gtl,TA,TA,Gd,TA,Av,GLQ,Unf,Ex,Ex,Typ,NA,NA,NA,NA,Y,NA,NA,5,7
Reg,Gtl,TA,TA,Gd,TA,No,Unf,Unf,TA,TA,Typ,NA,NA,NA,NA,Y,NA,NA,5,5
Reg,Gtl,Gd,TA,Gd,TA,No,Unf,Unf,Ex,Ex,Typ,Gd,Fin,TA,TA,Y,NA,NA,8,5
Reg,Gtl,TA,TA,Gd,TA,Gd,GLQ,Unf,Gd,TA,Typ,NA,Fin,TA,TA,Y,NA,NA,5,5
Reg,Gtl,TA,TA,Gd,TA,No,Unf,Unf,Ex,TA,Typ,NA,NA,NA,NA,Y,NA,NA,5,5
Reg,Gtl,Gd,TA,Gd,TA,No,GLQ,Unf,Ex,Gd,Typ,NA,RFn,TA,TA,Y,NA,NA,7,5
Reg,Gtl,TA,TA,Gd,TA,No,Unf,Unf,Ex,TA,Typ,TA,RFn,TA,TA,Y,NA,NA,6,5
Reg,Gtl,TA,TA,Gd,TA,No,ALQ,Rec,TA,TA,Min1,TA,Unf,TA,TA,Y,NA,MnPrv,6,6
Reg,Gtl,Ex,Gd,TA,Gd,No,GLQ,Unf,Ex,Gd,Typ,Gd,RFn,TA,TA,Y,NA,GdPrv,7,9
Reg,Gtl,TA,TA,TA,TA,Mn,GLQ,Rec,Gd,Gd,Typ,NA,Unf,TA,TA,Y,NA,NA,5,6
Reg,Gtl,Gd,TA,TA,TA,No,BLQ,LwQ,Gd,TA,Typ,NA,Fin,TA,TA,Y,NA,NA,5,6
